Rank,SYMBOL,NAME,Industry,AUG_CLOSE,LTP,DAY_CHG_PCT,CATEGORY,UNIFIED_SCORE,Commentary,CPR_Class,CPR_Width,CPR_Width_Pct,Pivot,CPR_Bottom,CPR_Top,BC,TC,Bias,Price_Position,Current_Position_LTP,Value_Ratio,VALUE_in_Cr,Value_60d_in_Cr,SEP1_VALUE_in_Cr,Overlay,Nifty500,Setup,Regime
1,NETWEB,NETWEB TECH INDIA LTD,Information Technology,5188.6,5152.0,-0.71,Narrow CPR - Breakout,100.0,"Ultra-tight Narrow CPR (0.16%) with above-average 1.9x volume. Currently testing below CPR Bottom (₹5,176.50). Due to tight compression, watch for a sharp reclaim above ₹5,184.57 for a false breakdown reversal or breakdown continuation below ₹5,176.50.",Narrow,8.07,0.1555,5180.53,5176.5,5184.57,5176.5,5184.57,Bullish,Above CPR,Below CPR,1.89,22345.28,11794.59,740.85,Higher,True,No setup,Risk Off
2,WELCORP,WELSPUN CORP LIMITED,Capital Goods,2391.0,2556.3,6.91,Above CPR - Volume Strength,100.0,"massive 10.8x volume explosion backed by monthly bullish structure. Trading strong above monthly CPR Top (₹2,277.85) with +6.91% gain on Day 1. Look for bullish continuation above ₹2,277.85 with target expansion.",Wide,226.3,9.4647,2164.7,2051.55,2277.85,2051.55,2277.85,Bullish,Above CPR,Above CPR,10.82,11451.39,1058.27,902.28,Higher,True,No setup,Risk Off
3,BALRAMCHIN,BALRAMPUR CHINI MILLS LTD,Fast Moving Consumer Goods,693.5,667.2,-3.79,Above CPR - Volume Strength,99.88,massive 13.4x volume explosion backed by monthly bullish structure. Trading below monthly CPR Bottom (₹686.75) (-3.79%). Needs a clear close above Pivot (₹689.00) to reverse bearish pressure.,Moderate,4.5,0.6489,689.0,686.75,691.25,686.75,691.25,Bullish,Above CPR,Below CPR,13.44,9434.79,701.92,375.68,Higher,True,No setup,Risk Off
4,FINCABLES,FINOLEX CABLES LTD,Capital Goods,1247.15,1246.5,-0.05,Above CPR - Volume Strength,98.27,"massive 10.0x volume explosion backed by monthly bullish structure. Consolidating above monthly CPR Top (₹1,225.10). Hold/buy on pullbacks holding above Pivot (₹1,203.05).",Wide,44.1,3.5361,1203.05,1181.0,1225.1,1181.0,1225.1,Bullish,Above CPR,Above CPR,10.04,5400.65,538.0,79.85,Higher,True,No setup,Risk Off
5,ASTRAL,ASTRAL LIMITED,Capital Goods,1522.2,1507.0,-1.0,Narrow CPR - Breakout,97.78,"Narrow/Moderate CPR (0.58%) with above-average 2.2x volume. Trading below monthly CPR Bottom (₹1,509.00) (-1.00%). Needs a clear close above Pivot (₹1,513.40) to reverse bearish pressure.",Moderate,8.8,0.5781,1513.4,1509.0,1517.8,1509.0,1517.8,Bullish,Above CPR,Below CPR,2.18,4823.05,2209.22,110.27,Higher,True,No setup,Risk Off
6,DEEPAKNTR,DEEPAK NITRITE LTD,Chemicals,1749.4,1779.0,1.69,Narrow CPR - Breakout,95.96,"Ultra-tight Narrow CPR (0.16%) with strong 3.8x volume surge. Trading strong above monthly CPR Top (₹1,753.55) with +1.69% gain on Day 1. Look for bullish continuation above ₹1,753.55 with target expansion.",Narrow,2.77,0.1581,1752.17,1750.78,1753.55,1753.55,1750.78,Bearish,Below CPR,Above CPR,3.8,2127.64,560.3,180.51,Higher,True,No setup,Risk Off
7,TECHM,TECH MAHINDRA LIMITED,Information Technology,1628.0,1638.0,0.61,Narrow CPR - Breakout,95.74,"Ultra-tight Moderate CPR (0.26%) with 1.4x average volume. Trading strong above monthly CPR Top (₹1,625.92) with +0.61% gain on Day 1. Look for bullish continuation above ₹1,625.92 with target expansion.",Moderate,4.17,0.2559,1623.83,1621.75,1625.92,1621.75,1625.92,Bullish,Above CPR,Above CPR,1.39,8960.18,6424.85,394.88,Higher,True,No setup,Risk Off
8,NESTLEIND,NESTLE INDIA LIMITED,Fast Moving Consumer Goods,1496.5,1438.2,-3.9,Narrow CPR - Breakout,95.65,"Ultra-tight Moderate CPR (0.28%) with above-average 1.6x volume. Currently testing below CPR Bottom (₹1,490.30). Due to tight compression, watch for a sharp reclaim above ₹1,494.43 for a false breakdown reversal or breakdown continuation below ₹1,490.30.",Moderate,4.13,0.2762,1492.37,1490.3,1494.43,1490.3,1494.43,Bullish,Above CPR,Below CPR,1.56,5527.0,3541.82,371.63,Inside,True,No setup,Risk Off
9,NAUKRI,INFO EDGE (I) LTD,Consumer Services,1313.0,1356.0,3.27,Narrow CPR - Breakout,94.94,"Narrow/Moderate CPR (0.31%) with above-average 1.5x volume. Trading strong above monthly CPR Top (₹1,310.93) with +3.27% gain on Day 1. Look for bullish continuation above ₹1,310.93 with target expansion.",Moderate,4.13,0.3148,1308.87,1306.8,1310.93,1306.8,1310.93,Bullish,Above CPR,Above CPR,1.5,5353.53,3579.45,212.37,Higher,True,No setup,Risk Off
10,SWIGGY,SWIGGY LIMITED,Consumer Services,281.9,275.0,-2.45,Narrow CPR - Breakout,93.51,Moderate CPR (1.29%) with 1.2x average volume. Trading below monthly CPR Bottom (₹283.73) (-2.45%). Needs a clear close above Pivot (₹285.55) to reverse bearish pressure.,Wide,3.65,1.2948,285.55,283.73,287.38,287.38,283.73,Bearish,Below CPR,Below CPR,1.22,8461.75,6949.08,149.29,Higher,True,No setup,Risk Off
11,GLAND,GLAND PHARMA LIMITED,Healthcare,2885.8,2864.5,-0.74,Above CPR - Volume Strength,93.39,"strong 7.5x volume surge backed by monthly bullish structure. Consolidating above monthly CPR Top (₹2,846.18). Hold/buy on pullbacks holding above Pivot (₹2,806.57).",Wide,79.23,2.7456,2806.57,2766.95,2846.18,2766.95,2846.18,Bullish,Above CPR,Above CPR,7.49,5059.07,675.46,74.51,Higher,True,No setup,Risk Off
12,POWERINDIA,HITACHI ENERGY INDIA LTD,Capital Goods,33760.0,32640.0,-3.32,Narrow CPR - Breakout,92.23,"Ultra-tight Narrow CPR (0.21%) with 1.1x average volume. Currently testing below CPR Bottom (₹33,795.00). Due to tight compression, watch for a sharp reclaim above ₹33,865.00 for a false breakdown reversal or breakdown continuation below ₹33,795.00.",Narrow,70.0,0.2073,33830.0,33795.0,33865.0,33865.0,33795.0,Bearish,Below CPR,Below CPR,1.14,8530.97,7460.87,329.63,Higher,True,No setup,Risk Off
13,FLUOROCHEM,GUJARAT FLUOROCHEM LTD,Chemicals,4693.5,4727.1,0.72,Narrow CPR - Breakout,91.3,"Narrow/Moderate CPR (0.36%) with strong 3.5x volume surge. Trading strong above monthly CPR Top (₹4,684.95) with +0.72% gain on Day 1. Look for bullish continuation above ₹4,684.95 with target expansion.",Moderate,17.1,0.3643,4676.4,4667.85,4684.95,4667.85,4684.95,Bullish,Above CPR,Above CPR,3.55,2337.86,657.81,41.92,Higher,True,No setup,Risk Off
14,SONACOMS,SONA BLW PRECISION FRGS L,Automobile and Auto Components,813.05,809.5,-0.44,Narrow CPR - Breakout,91.16,Narrow/Moderate CPR (0.58%) with 1.3x average volume. Oscillating inside the monthly CPR band (₹806.02 - ₹810.71). Wait for a decisive breakout above ₹810.71 or breakdown below ₹806.02.,Moderate,4.68,0.576,808.37,806.02,810.71,806.02,810.71,Bullish,Above CPR,Inside CPR,1.28,3545.79,2766.26,84.41,Higher,True,No setup,Risk Off
15,TVSMOTOR,TVS MOTOR COMPANY  LTD,Automobile and Auto Components,4341.3,4203.0,-3.19,Narrow CPR - Breakout,90.73,"Ultra-tight Moderate CPR (0.28%) with 1.4x average volume. Currently testing below CPR Bottom (₹4,323.00). Due to tight compression, watch for a sharp reclaim above ₹4,335.20 for a false breakdown reversal or breakdown continuation below ₹4,323.00.",Moderate,12.2,0.281,4329.1,4323.0,4335.2,4323.0,4335.2,Bullish,Above CPR,Below CPR,1.41,8573.81,6090.06,811.44,Higher,True,No setup,Risk Off
16,CHENNPETRO,CHENNAI PETROLEUM CORP LT,Oil Gas & Consumable Fuels,1367.4,1385.5,1.32,Narrow CPR - Breakout,89.85,"Narrow/Moderate CPR (0.60%) with above-average 2.4x volume. Trading strong above monthly CPR Top (₹1,363.27) with +1.32% gain on Day 1. Look for bullish continuation above ₹1,363.27 with target expansion.",Moderate,8.27,0.6046,1359.13,1355.0,1363.27,1355.0,1363.27,Bullish,Above CPR,Above CPR,2.43,7304.69,3007.19,309.08,Higher,True,No setup,Risk Off
17,TATATECH,TATA TECHNOLOGIES LIMITED,Information Technology,831.05,815.25,-1.9,Narrow CPR - Breakout,88.83,Moderate CPR (0.93%) with strong 3.0x volume surge. Trading below monthly CPR Bottom (₹819.50) (-1.90%). Needs a clear close above Pivot (₹823.35) to reverse bearish pressure.,Wide,7.7,0.9265,823.35,819.5,827.2,819.5,827.2,Bullish,Above CPR,Below CPR,3.03,4049.8,1335.69,149.88,Higher,True,No setup,Risk Off
18,MUTHOOTFIN,MUTHOOT FINANCE LIMITED,Financial Services,2978.1,2905.0,-2.45,Narrow CPR - Breakout,88.69,"Narrow/Moderate CPR (0.43%) with above-average 1.9x volume. Currently testing below CPR Bottom (₹2,958.75). Due to tight compression, watch for a sharp reclaim above ₹2,971.65 for a false breakdown reversal or breakdown continuation below ₹2,958.75.",Moderate,12.9,0.4332,2965.2,2958.75,2971.65,2958.75,2971.65,Bullish,Above CPR,Below CPR,1.9,8882.72,4679.04,220.06,Lower,True,No setup,Risk Off
19,LTM,LTM LIMITED,Information Technology,4540.0,4625.0,1.87,Narrow CPR - Breakout,88.08,"Moderate CPR (1.15%) with 1.3x average volume. Trading strong above monthly CPR Top (₹4,618.05) with +1.87% gain on Day 1. Look for bullish continuation above ₹4,618.05 with target expansion.",Wide,52.03,1.1461,4592.03,4566.02,4618.05,4618.05,4566.02,Bearish,Below CPR,Above CPR,1.28,4511.31,3510.86,121.93,Higher,True,No setup,Risk Off
20,MOREPENLAB,MOREPEN LAB. LTD,Unclassified,107.16,104.45,-2.53,Above CPR - Volume Strength,87.95,massive 21.7x volume explosion backed by monthly bullish structure. Consolidating above monthly CPR Top (₹99.16). Hold/buy on pullbacks holding above Pivot (₹91.15).,Wide,16.01,14.9403,91.15,83.14,99.16,83.14,99.16,Bullish,Above CPR,Above CPR,21.74,6341.86,291.72,261.44,Higher,False,No setup,Risk Off
21,LTFOODS,LT FOODS LIMITED,Fast Moving Consumer Goods,446.55,437.9,-1.94,Narrow CPR - Breakout,87.76,"Narrow/Moderate CPR (0.47%) with strong 4.6x volume surge. Currently testing below CPR Bottom (₹447.60). Due to tight compression, watch for a sharp reclaim above ₹449.70 for a false breakdown reversal or breakdown continuation below ₹447.60.",Moderate,2.1,0.4703,448.65,447.6,449.7,449.7,447.6,Bearish,Below CPR,Below CPR,4.58,2500.2,545.84,16.36,Higher,True,No setup,Risk Off
22,TITAN,TITAN COMPANY LIMITED,Consumer Durables,5102.4,5050.0,-1.03,Narrow CPR - Breakout,87.48,"Moderate CPR (1.09%) with 1.1x average volume. Oscillating inside the monthly CPR band (₹5,019.25 - ₹5,074.68). Wait for a decisive breakout above ₹5,074.68 or breakdown below ₹5,019.25.",Wide,55.43,1.0864,5046.97,5019.25,5074.68,5019.25,5074.68,Bullish,Above CPR,Inside CPR,1.12,8980.83,8009.78,235.54,Higher,True,No setup,Risk Off
23,SHILPAMED,SHILPA MEDICARE LTD,Unclassified,949.3,893.45,-5.88,Above CPR - Volume Strength,87.46,massive 14.8x volume explosion backed by monthly bullish structure. Oscillating inside the monthly CPR band (₹782.05 - ₹893.55). Wait for a decisive breakout above ₹893.55 or breakdown below ₹782.05.,Wide,111.5,11.7455,837.8,782.05,893.55,782.05,893.55,Bullish,Above CPR,Inside CPR,14.85,5603.79,377.33,201.33,Higher,False,No setup,Risk Off
24,WELSPUNLIV,WELSPUN LIVING LIMITED,Textiles,196.21,198.0,0.91,Above CPR - Volume Strength,87.46,strong 4.8x volume surge backed by monthly bullish structure. Trading strong above monthly CPR Top (₹189.30) with +0.91% gain on Day 1. Look for bullish continuation above ₹189.30 with target expansion.,Wide,13.81,7.0401,182.4,175.49,189.3,175.49,189.3,Bullish,Above CPR,Above CPR,4.79,3771.92,786.75,101.18,Higher,True,No setup,Risk Off
25,RATNAVEER,RATNAVEER PRECISION ENG L,Unclassified,306.02,291.0,-4.91,Above CPR - Volume Strength,87.15,massive 10.1x volume explosion backed by monthly bullish structure. Consolidating above monthly CPR Top (₹287.24). Hold/buy on pullbacks holding above Pivot (₹268.45).,Wide,37.57,12.277,268.45,249.66,287.24,249.66,287.24,Bullish,Above CPR,Above CPR,10.06,5332.96,530.16,183.71,Higher,False,No setup,Risk Off
26,EMIL,ELECTRONICS MART IND LTD,Unclassified,180.61,178.0,-1.45,Above CPR - Volume Strength,87.02,massive 17.0x volume explosion backed by monthly bullish structure. Consolidating above monthly CPR Top (₹174.95). Hold/buy on pullbacks holding above Pivot (₹169.28).,Wide,11.33,6.2713,169.28,163.62,174.95,163.62,174.95,Bullish,Above CPR,Above CPR,17.04,5167.83,303.33,17.0,Higher,False,No setup,Risk Off
27,RBA,RESTAURANT BRAND ASIA LTD,Unclassified,98.1,100.72,2.67,Above CPR - Volume Strength,86.47,massive 10.6x volume explosion backed by monthly bullish structure. Trading strong above monthly CPR Top (₹95.09) with +2.67% gain on Day 1. Look for bullish continuation above ₹95.09 with target expansion.,Wide,6.02,6.1332,92.08,89.08,95.09,89.08,95.09,Bullish,Above CPR,Above CPR,10.55,4336.86,411.17,41.2,Higher,False,No setup,Risk Off
28,URBANCO,URBAN COMPANY LIMITED,Consumer Services,167.11,168.0,0.53,Above CPR - Volume Strength,86.45,strong 3.9x volume surge backed by monthly bullish structure. Trading strong above monthly CPR Top (₹163.18) with +0.53% gain on Day 1. Look for bullish continuation above ₹163.18 with target expansion.,Wide,7.86,4.7035,159.25,155.32,163.18,155.32,163.18,Bullish,Above CPR,Above CPR,3.86,6324.74,1639.64,165.21,Higher,True,No setup,Risk Off
29,LAURUSLABS,LAURUS LABS LIMITED,Healthcare,1915.0,1861.6,-2.79,Above CPR - Volume Strength,86.24,"strong 3.5x volume surge backed by monthly bullish structure. Oscillating inside the monthly CPR band (₹1,859.20 - ₹1,896.40). Wait for a decisive breakout above ₹1,896.40 or breakdown below ₹1,859.20.",Wide,37.2,1.9426,1877.8,1859.2,1896.4,1859.2,1896.4,Bullish,Above CPR,Inside CPR,3.51,13166.17,3751.54,655.99,Higher,True,No setup,Risk Off
30,FMGOETZE,FEDERAL-MOGUL GOETZE (IND,Unclassified,624.85,624.95,0.02,Above CPR - Volume Strength,86.1,massive 76.0x volume explosion backed by monthly bullish structure. Trading strong above monthly CPR Top (₹597.69) with +0.02% gain on Day 1. Look for bullish continuation above ₹597.69 with target expansion.,Wide,54.32,8.6928,570.53,543.38,597.69,543.38,597.69,Bullish,Above CPR,Above CPR,75.98,3881.69,51.09,130.83,Higher,False,No setup,Risk Off
31,DATAPATTNS,DATA PATTERNS INDIA LTD,Capital Goods,4521.5,4520.0,-0.03,Narrow CPR - Breakout,86.03,"Moderate CPR (1.42%) with above-average 1.5x volume. Trading below monthly CPR Bottom (₹4,553.68) (-0.03%). Needs a clear close above Pivot (₹4,585.87) to reverse bearish pressure.",Wide,64.37,1.4236,4585.87,4553.68,4618.05,4618.05,4553.68,Bearish,Below CPR,Below CPR,1.5,8197.92,5470.45,189.11,Higher,True,No setup,Risk Off
32,NIACL,THE NEW INDIA ASSU CO LTD,Financial Services,191.23,184.8,-3.36,Above CPR - Volume Strength,85.9,strong 5.7x volume surge backed by monthly bullish structure. Trading below monthly CPR Bottom (₹185.66) (-3.36%). Needs a clear close above Pivot (₹187.51) to reverse bearish pressure.,Wide,3.72,1.9436,187.51,185.66,189.37,185.66,189.37,Bullish,Above CPR,Below CPR,5.67,1570.73,276.94,29.7,Higher,True,No setup,Risk Off
33,JSWINFRA,JSW INFRASTRUCTURE LTD,Services,340.0,335.0,-1.47,Narrow CPR - Breakout,85.53,Moderate CPR (1.04%) with above-average 2.0x volume. Oscillating inside the monthly CPR band (₹334.70 - ₹338.23). Wait for a decisive breakout above ₹338.23 or breakdown below ₹334.70.,Wide,3.53,1.0392,336.47,334.7,338.23,334.7,338.23,Bullish,Above CPR,Inside CPR,2.0,1819.78,907.98,85.5,Higher,True,No setup,Risk Off
34,JSWSTEEL,JSW STEEL LIMITED,Metals & Mining,1307.7,1313.5,0.44,Narrow CPR - Breakout,85.53,"Narrow/Moderate CPR (0.36%) with 1.1x average volume. Trading strong above monthly CPR Top (₹1,305.37) with +0.44% gain on Day 1. Look for bullish continuation above ₹1,305.37 with target expansion.",Moderate,4.67,0.3569,1303.03,1300.7,1305.37,1300.7,1305.37,Bullish,Above CPR,Above CPR,1.15,4840.09,4211.39,149.09,Higher,True,No setup,Risk Off
35,MANORAMA,MANORAMA INDUSTRIES LTD,Unclassified,1890.8,1830.0,-3.22,Above CPR - Volume Strength,85.48,"massive 11.2x volume explosion backed by monthly bullish structure. Oscillating inside the monthly CPR band (₹1,815.95 - ₹1,865.85). Wait for a decisive breakout above ₹1,865.85 or breakdown below ₹1,815.95.",Wide,49.9,2.6391,1840.9,1815.95,1865.85,1815.95,1865.85,Bullish,Above CPR,Inside CPR,11.16,3693.48,331.01,41.17,Higher,False,No setup,Risk Off
36,KALYANKJIL,KALYAN JEWELLERS IND LTD,Consumer Durables,601.0,573.0,-4.66,Above CPR - Volume Strength,85.15,"strong 3.2x volume surge backed by monthly bullish structure. Currently testing below CPR Bottom (₹598.60). Due to tight compression, watch for a sharp reclaim above ₹600.20 for a false breakdown reversal or breakdown continuation below ₹598.60.",Moderate,1.6,0.2662,599.4,598.6,600.2,598.6,600.2,Bullish,Above CPR,Below CPR,3.23,16271.69,5044.2,767.85,Higher,True,No setup,Risk Off
37,MANYAVAR,VEDANT FASHIONS LIMITED,Unclassified,545.25,547.0,0.32,Above CPR - Volume Strength,84.86,massive 14.4x volume explosion backed by monthly bullish structure. Trading strong above monthly CPR Top (₹524.62) with +0.32% gain on Day 1. Look for bullish continuation above ₹524.62 with target expansion.,Wide,41.25,7.5653,504.0,483.38,524.62,483.38,524.62,Bullish,Above CPR,Above CPR,14.43,3027.2,209.71,11.35,Higher,False,No setup,Risk Off
38,TIINDIA,TUBE INVEST OF INDIA LTD,Automobile and Auto Components,2780.0,2763.2,-0.6,Narrow CPR - Breakout,84.77,"Moderate CPR (1.37%) with 1.3x average volume. Trading below monthly CPR Bottom (₹2,799.00) (-0.60%). Needs a clear close above Pivot (₹2,818.00) to reverse bearish pressure.",Wide,38.0,1.3669,2818.0,2799.0,2837.0,2837.0,2799.0,Bearish,Below CPR,Below CPR,1.32,2790.92,2111.76,26.64,Overlapping,True,No setup,Risk Off
39,HFCL,HFCL LIMITED,Telecommunication,249.09,236.64,-5.0,Above CPR - Volume Strength,84.32,strong 3.0x volume surge backed by monthly bullish structure. Oscillating inside the monthly CPR band (₹226.20 - ₹241.46). Wait for a decisive breakout above ₹241.46 or breakdown below ₹226.20.,Wide,15.26,6.1263,233.83,226.2,241.46,226.2,241.46,Bullish,Above CPR,Inside CPR,3.04,9576.99,3155.27,309.4,Higher,True,No setup,Risk Off
40,GROWW,BILLIONBRAINS GARAGE VN L,Financial Services,192.06,189.3,-1.44,Narrow CPR - Breakout,84.25,Moderate CPR (1.60%) with 1.1x average volume. Trading below monthly CPR Bottom (₹193.59) (-1.44%). Needs a clear close above Pivot (₹195.13) to reverse bearish pressure.,Wide,3.07,1.5967,195.13,193.59,196.66,196.66,193.59,Bearish,Below CPR,Below CPR,1.08,18720.23,17374.42,484.57,Lower,True,Short,Risk Off
41,SBCL,SHIVALIK BIMETAL CON. LTD,Unclassified,1070.0,1043.0,-2.52,Above CPR - Volume Strength,84.25,"massive 20.3x volume explosion backed by monthly bullish structure. Consolidating above monthly CPR Top (₹1,022.01). Hold/buy on pullbacks holding above Pivot (₹974.02).",Wide,95.98,8.9704,974.02,926.02,1022.01,926.02,1022.01,Bullish,Above CPR,Above CPR,20.34,2438.2,119.86,32.75,Higher,False,No setup,Risk Off
42,360ONE,360 ONE WAM LIMITED,Financial Services,1175.0,1165.6,-0.8,Narrow CPR - Breakout,84.23,"Ultra-tight Moderate CPR (0.27%) with 1.1x average volume. Currently testing below CPR Bottom (₹1,176.58). Due to tight compression, watch for a sharp reclaim above ₹1,179.75 for a false breakdown reversal or breakdown continuation below ₹1,176.58.",Moderate,3.17,0.2695,1178.17,1176.58,1179.75,1179.75,1176.58,Bearish,Below CPR,Below CPR,1.11,2056.05,1857.02,252.11,Higher,True,No setup,Risk Off
43,ASHOKLEY,ASHOK LEYLAND LTD,Capital Goods,175.64,170.53,-2.91,Narrow CPR - Breakout,84.15,"Ultra-tight Narrow CPR (0.10%) with 1.0x average volume. Currently testing below CPR Bottom (₹175.73). Due to tight compression, watch for a sharp reclaim above ₹175.92 for a false breakdown reversal or breakdown continuation below ₹175.73.",Narrow,0.18,0.1044,175.82,175.73,175.92,175.92,175.73,Bearish,Below CPR,Below CPR,1.03,6630.0,6467.96,289.52,Higher,True,No setup,Risk Off
44,ASKAUTOLTD,ASK AUTOMOTIVE LIMITED,Unclassified,659.9,636.9,-3.49,Above CPR - Volume Strength,84.12,massive 12.4x volume explosion backed by monthly bullish structure. Oscillating inside the monthly CPR band (₹608.35 - ₹642.72). Wait for a decisive breakout above ₹642.72 or breakdown below ₹608.35.,Wide,34.37,5.2079,625.53,608.35,642.72,608.35,642.72,Bullish,Above CPR,Inside CPR,12.36,2365.28,191.37,12.7,Higher,False,No setup,Risk Off
45,LENSKART,LENSKART SOLUTIONS LTD,Consumer Services,662.4,661.0,-0.21,Above CPR - Volume Strength,84.1,above-average 3.0x volume backed by monthly bullish structure. Consolidating above monthly CPR Top (₹647.30). Hold/buy on pullbacks holding above Pivot (₹632.20).,Wide,30.2,4.5592,632.2,617.1,647.3,617.1,647.3,Bullish,Above CPR,Above CPR,2.96,17634.88,5954.54,694.74,Higher,True,No setup,Risk Off
46,MOTISONS,MOTISONS JEWELLERS LTD,Unclassified,16.24,15.87,-2.28,Above CPR - Volume Strength,83.88,massive 17.0x volume explosion backed by monthly bullish structure. Oscillating inside the monthly CPR band (₹15.60 - ₹16.03). Wait for a decisive breakout above ₹16.03 or breakdown below ₹15.60.,Wide,0.42,2.6067,15.82,15.6,16.03,15.6,16.03,Bullish,Above CPR,Inside CPR,17.02,2199.13,129.2,26.6,Higher,False,No setup,Risk Off
47,PVRINOX,PVR INOX LIMITED,Media Entertainment & Publication,1207.7,1226.4,1.55,Narrow CPR - Breakout,83.83,"Ultra-tight Narrow CPR (0.02%) with 1.3x average volume. Trading strong above monthly CPR Top (₹1,207.55) with +1.55% gain on Day 1. Look for bullish continuation above ₹1,207.55 with target expansion.",Narrow,0.3,0.0248,1207.4,1207.25,1207.55,1207.25,1207.55,Bullish,Above CPR,Above CPR,1.34,1079.03,802.59,103.08,Higher,True,No setup,Risk Off
48,HAL,HINDUSTAN AERONAUTICS LTD,Capital Goods,4801.6,4807.6,0.12,Narrow CPR - Breakout,83.81,"Moderate CPR (1.04%) with 1.2x average volume. Trading below monthly CPR Bottom (₹4,826.60) (+0.12%). Needs a clear close above Pivot (₹4,851.60) to reverse bearish pressure.",Wide,50.0,1.0413,4851.6,4826.6,4876.6,4876.6,4826.6,Bearish,Below CPR,Below CPR,1.17,11337.11,9707.62,236.39,Higher,True,No setup,Risk Off
49,VIYASH,VIYASH SCIENTIFIC LIMITED,Unclassified,263.6,262.35,-0.47,Narrow CPR - Breakout,83.67,"Ultra-tight Narrow CPR (0.09%) with strong 7.8x volume surge. Currently testing below CPR Bottom (₹263.25). Due to tight compression, watch for a sharp reclaim above ₹263.48 for a false breakdown reversal or breakdown continuation below ₹263.25.",Narrow,0.23,0.0885,263.37,263.25,263.48,263.25,263.48,Bullish,Above CPR,Below CPR,7.79,5138.0,659.35,162.19,Inside,False,No setup,Risk Off
50,IPCALAB,IPCA LABORATORIES LTD,Healthcare,1974.9,1983.5,0.44,Above CPR - Volume Strength,83.54,"strong 3.9x volume surge backed by monthly bullish structure. Trading strong above monthly CPR Top (₹1,927.67) with +0.44% gain on Day 1. Look for bullish continuation above ₹1,927.67 with target expansion.",Wide,94.47,4.7834,1880.43,1833.2,1927.67,1833.2,1927.67,Bullish,Above CPR,Above CPR,3.88,2723.92,701.38,42.82,Higher,True,No setup,Risk Off
51,WHIRLPOOL,WHIRLPOOL OF INDIA LTD,Consumer Durables,803.15,799.95,-0.4,Narrow CPR - Breakout,83.48,"Ultra-tight Narrow CPR (0.14%) with 1.4x average volume. Currently testing below CPR Bottom (₹803.72). Due to tight compression, watch for a sharp reclaim above ₹804.85 for a false breakdown reversal or breakdown continuation below ₹803.72.",Narrow,1.13,0.1411,804.28,803.72,804.85,804.85,803.72,Bearish,Below CPR,Below CPR,1.45,965.8,665.57,27.8,Higher,True,No setup,Risk Off
52,PERSISTENT,PERSISTENT SYSTEMS LTD,Information Technology,5594.5,5800.0,3.67,Narrow CPR - Breakout,83.43,"Ultra-tight Narrow CPR (0.24%) with 0.9x average volume. Trading strong above monthly CPR Top (₹5,614.75) with +3.67% gain on Day 1. Look for bullish continuation above ₹5,614.75 with target expansion.",Narrow,13.5,0.2413,5608.0,5601.25,5614.75,5614.75,5601.25,Bearish,Below CPR,Above CPR,0.94,5781.9,6166.3,340.89,Higher,True,No setup,Risk Off
53,VARROC,VARROC ENGINEERING LTD.,Unclassified,862.0,870.0,0.93,Above CPR - Volume Strength,83.14,massive 10.2x volume explosion backed by monthly bullish structure. Trading strong above monthly CPR Top (₹832.57) with +0.93% gain on Day 1. Look for bullish continuation above ₹832.57 with target expansion.,Wide,58.87,6.8291,803.13,773.7,832.57,773.7,832.57,Bullish,Above CPR,Above CPR,10.18,1960.37,192.52,79.59,Higher,False,No setup,Risk Off
54,ATHERENERG,ATHER ENERGY LIMITED,Automobile and Auto Components,1717.7,1725.6,0.46,Above CPR - Volume Strength,83.01,"above-average 2.7x volume backed by monthly bullish structure. Trading strong above monthly CPR Top (₹1,638.42) with +0.46% gain on Day 1. Look for bullish continuation above ₹1,638.42 with target expansion.",Wide,158.57,9.2313,1559.13,1479.85,1638.42,1479.85,1638.42,Bullish,Above CPR,Above CPR,2.74,17967.43,6564.56,1643.3,Higher,True,No setup,Risk Off
55,NEULANDLAB,NEULAND LAB LTD.,Healthcare,23010.0,23090.0,0.35,Above CPR - Volume Strength,82.8,"strong 3.2x volume surge backed by monthly bullish structure. Trading strong above monthly CPR Top (₹22,487.67) with +0.35% gain on Day 1. Look for bullish continuation above ₹22,487.67 with target expansion.",Wide,1044.67,4.5401,21965.33,21443.0,22487.67,21443.0,22487.67,Bullish,Above CPR,Above CPR,3.22,5129.08,1591.69,69.64,Higher,True,No setup,Risk Off
56,BAJAJHIND,BAJAJ HINDUSTHAN SUGAR LT,Unclassified,22.47,21.75,-3.2,Above CPR - Volume Strength,82.79,strong 9.9x volume surge backed by monthly bullish structure. Oscillating inside the monthly CPR band (₹21.45 - ₹22.13). Wait for a decisive breakout above ₹22.13 or breakdown below ₹21.45.,Wide,0.68,3.0263,21.79,21.45,22.13,21.45,22.13,Bullish,Above CPR,Inside CPR,9.9,2953.78,298.39,70.64,Higher,False,No setup,Risk Off
57,IIFL,IIFL FINANCE LIMITED,Financial Services,646.75,643.15,-0.56,Narrow CPR - Breakout,82.7,Narrow/Moderate CPR (0.72%) with above-average 1.6x volume. Trading below monthly CPR Bottom (₹649.07) (-0.56%). Needs a clear close above Pivot (₹651.38) to reverse bearish pressure.,Moderate,4.63,0.7164,651.38,649.07,653.7,653.7,649.07,Bearish,Below CPR,Below CPR,1.57,3272.54,2090.65,95.69,Higher,True,No setup,Risk Off
58,MARKSANS,MARKSANS PHARMA LIMITED,Unclassified,321.6,322.35,0.23,Above CPR - Volume Strength,82.61,strong 8.9x volume surge backed by monthly bullish structure. Trading strong above monthly CPR Top (₹315.13) with +0.23% gain on Day 1. Look for bullish continuation above ₹315.13 with target expansion.,Wide,12.95,4.0267,308.65,302.18,315.13,302.18,315.13,Bullish,Above CPR,Above CPR,8.92,3798.67,426.06,45.07,Higher,False,No setup,Risk Off
59,COHANCE,COHANCE LIFESCIENCES LTD,Healthcare,455.95,461.4,1.2,Narrow CPR - Breakout,82.32,Moderate CPR (0.80%) with 1.1x average volume. Trading strong above monthly CPR Top (₹454.12) with +1.20% gain on Day 1. Look for bullish continuation above ₹454.12 with target expansion.,Wide,3.67,0.8042,452.28,450.45,454.12,450.45,454.12,Bullish,Above CPR,Above CPR,1.15,1346.98,1169.55,102.4,Higher,True,No setup,Risk Off
60,PINELABS,PINE LABS LIMITED,Financial Services,164.03,160.4,-2.21,Above CPR - Volume Strength,82.28,above-average 2.8x volume backed by monthly bullish structure. Oscillating inside the monthly CPR band (₹156.36 - ₹161.47). Wait for a decisive breakout above ₹161.47 or breakdown below ₹156.36.,Wide,5.12,3.1193,158.91,156.36,161.47,156.36,161.47,Bullish,Above CPR,Inside CPR,2.83,7721.7,2725.67,109.96,Higher,True,No setup,Risk Off
61,JGCHEM,J.G.CHEMICALS LIMITED,Unclassified,633.3,629.2,-0.65,Above CPR - Volume Strength,82.27,massive 20.8x volume explosion backed by monthly bullish structure. Consolidating above monthly CPR Top (₹617.53). Hold/buy on pullbacks holding above Pivot (₹601.77).,Wide,31.53,4.9792,601.77,586.0,617.53,586.0,617.53,Bullish,Above CPR,Above CPR,20.84,1633.18,78.38,20.66,Higher,False,No setup,Risk Off
62,RKFORGE,RAMKRISHNA FORGINGS LTD,Automobile and Auto Components,743.6,750.0,0.86,Above CPR - Volume Strength,82.26,strong 3.9x volume surge backed by monthly bullish structure. Trading strong above monthly CPR Top (₹731.59) with +0.86% gain on Day 1. Look for bullish continuation above ₹731.59 with target expansion.,Wide,24.02,3.2298,719.58,707.58,731.59,707.58,731.59,Bullish,Above CPR,Above CPR,3.93,1972.7,502.13,91.21,Higher,True,No setup,Risk Off
63,CAMS,COMPUTER AGE MNGT SER LTD,Financial Services,782.0,752.0,-3.84,Narrow CPR - Breakout,82.2,"Ultra-tight Narrow CPR (0.23%) with 1.2x average volume. Currently testing below CPR Bottom (₹782.92). Due to tight compression, watch for a sharp reclaim above ₹784.75 for a false breakdown reversal or breakdown continuation below ₹782.92.",Narrow,1.83,0.2344,783.83,782.92,784.75,784.75,782.92,Bearish,Below CPR,Below CPR,1.19,2481.56,2087.43,76.73,Inside,True,No setup,Risk Off
64,TATASTEEL,TATA STEEL LIMITED,Metals & Mining,184.35,184.07,-0.15,Narrow CPR - Breakout,82.11,Moderate CPR (0.90%) with 1.0x average volume. Trading below monthly CPR Bottom (₹185.18) (-0.15%). Needs a clear close above Pivot (₹186.00) to reverse bearish pressure.,Wide,1.65,0.895,186.0,185.18,186.82,186.82,185.18,Bearish,Below CPR,Below CPR,1.0,9941.79,9951.38,861.81,Lower,True,Short,Risk Off
65,PTCIL,PTC INDUSTRIES LIMITED,Capital Goods,22114.0,22665.0,2.49,Above CPR - Volume Strength,81.74,"strong 3.8x volume surge backed by monthly bullish structure. Trading strong above monthly CPR Top (₹21,504.50) with +2.49% gain on Day 1. Look for bullish continuation above ₹21,504.50 with target expansion.",Wide,1219.0,5.5123,20895.0,20285.5,21504.5,20285.5,21504.5,Bullish,Above CPR,Above CPR,3.81,1987.17,521.79,126.56,Higher,True,No setup,Risk Off
66,LT,LARSEN & TOUBRO LTD.,Construction,4044.9,3980.1,-1.6,Narrow CPR - Breakout,81.7,"Ultra-tight Narrow CPR (0.02%) with 0.8x average volume. Currently testing below CPR Bottom (₹4,043.90). Due to tight compression, watch for a sharp reclaim above ₹4,044.57 for a false breakdown reversal or breakdown continuation below ₹4,043.90.",Narrow,0.67,0.0165,4044.23,4043.9,4044.57,4043.9,4044.57,Bullish,Above CPR,Below CPR,0.75,11927.91,15839.02,379.08,Higher,True,No setup,Risk Off
67,CARTRADE,CARTRADE TECH LIMITED,Consumer Services,2991.5,2960.0,-1.05,Narrow CPR - Breakout,81.52,"Narrow/Moderate CPR (0.42%) with 1.0x average volume. Currently testing below CPR Bottom (₹2,972.45). Due to tight compression, watch for a sharp reclaim above ₹2,985.15 for a false breakdown reversal or breakdown continuation below ₹2,972.45.",Moderate,12.7,0.4245,2978.8,2972.45,2985.15,2972.45,2985.15,Bullish,Above CPR,Below CPR,1.0,2298.41,2298.41,49.89,Higher,True,No setup,Risk Off
68,CYIENT,CYIENT LIMITED,Information Technology,1174.8,1153.0,-1.86,Above CPR - Volume Strength,81.46,"strong 3.4x volume surge backed by monthly bullish structure. Consolidating above monthly CPR Top (₹1,121.70). Hold/buy on pullbacks holding above Pivot (₹1,068.60).",Wide,106.2,9.0398,1068.6,1015.5,1121.7,1015.5,1121.7,Bullish,Above CPR,Above CPR,3.36,3326.0,990.06,199.74,Higher,True,No setup,Risk Off
69,DALMIASUG,DALMIA BHARAT SUG IN LTD,Unclassified,484.15,468.0,-3.34,Above CPR - Volume Strength,80.85,massive 18.2x volume explosion backed by monthly bullish structure. Consolidating above monthly CPR Top (₹467.93). Hold/buy on pullbacks holding above Pivot (₹451.72).,Wide,32.43,6.699,451.72,435.5,467.93,435.5,467.93,Bullish,Above CPR,Above CPR,18.22,1246.69,68.43,11.39,Higher,False,No setup,Risk Off
70,AARTIPHARM,AARTI PHARMALABS LIMITED,Unclassified,845.4,865.0,2.32,Above CPR - Volume Strength,80.85,strong 8.6x volume surge backed by monthly bullish structure. Trading strong above monthly CPR Top (₹830.81) with +2.32% gain on Day 1. Look for bullish continuation above ₹830.81 with target expansion.,Wide,29.18,3.452,816.22,801.62,830.81,801.62,830.81,Bullish,Above CPR,Above CPR,8.59,2453.75,285.79,44.08,Higher,False,No setup,Risk Off
71,SAPPHIRE,SAPPHIRE FOODS INDIA LTD,Consumer Services,234.41,230.49,-1.67,Above CPR - Volume Strength,80.84,strong 3.9x volume surge backed by monthly bullish structure. Consolidating above monthly CPR Top (₹229.75). Hold/buy on pullbacks holding above Pivot (₹225.08).,Wide,9.33,3.9788,225.08,220.42,229.75,220.42,229.75,Bullish,Above CPR,Above CPR,3.86,1592.84,412.88,9.7,Higher,True,No setup,Risk Off
72,INDGN,INDEGENE LIMITED,Healthcare,611.65,609.0,-0.43,Above CPR - Volume Strength,80.74,strong 4.3x volume surge backed by monthly bullish structure. Consolidating above monthly CPR Top (₹595.73). Hold/buy on pullbacks holding above Pivot (₹579.82).,Wide,31.83,5.2045,579.82,563.9,595.73,563.9,595.73,Bullish,Above CPR,Above CPR,4.27,1185.76,277.98,57.34,Higher,True,No setup,Risk Off
73,APARINDS,APAR INDUSTRIES LTD.,Capital Goods,17702.0,17400.0,-1.71,Above CPR - Volume Strength,80.63,"above-average 2.6x volume backed by monthly bullish structure. Consolidating above monthly CPR Top (₹17,265.67). Hold/buy on pullbacks holding above Pivot (₹16,829.33).",Wide,872.67,4.9298,16829.33,16393.0,17265.67,16393.0,17265.67,Bullish,Above CPR,Above CPR,2.63,6184.11,2350.35,155.65,Higher,True,No setup,Risk Off
74,NAVINFLUOR,NAVIN FLUORINE INT. LTD,Chemicals,8675.5,8635.0,-0.47,Above CPR - Volume Strength,80.59,"above-average 2.6x volume backed by monthly bullish structure. Consolidating above monthly CPR Top (₹8,497.92). Hold/buy on pullbacks holding above Pivot (₹8,320.33).",Wide,355.17,4.0939,8320.33,8142.75,8497.92,8142.75,8497.92,Bullish,Above CPR,Above CPR,2.65,5944.66,2244.9,63.98,Higher,True,No setup,Risk Off
75,ROLEXRINGS,ROLEX RINGS LIMITED,Unclassified,180.59,177.51,-1.71,Above CPR - Volume Strength,80.46,strong 7.7x volume surge backed by monthly bullish structure. Consolidating above monthly CPR Top (₹174.90). Hold/buy on pullbacks holding above Pivot (₹169.21).,Wide,11.38,6.2997,169.21,163.52,174.9,163.52,174.9,Bullish,Above CPR,Above CPR,7.73,2611.7,337.8,19.82,Higher,False,No setup,Risk Off
76,OMAXE,OMAXE LIMITED,Unclassified,125.52,130.3,3.81,Above CPR - Volume Strength,80.42,massive 25.2x volume explosion backed by monthly bullish structure. Trading strong above monthly CPR Top (₹119.53) with +3.81% gain on Day 1. Look for bullish continuation above ₹119.53 with target expansion.,Wide,11.98,9.5443,113.54,107.55,119.53,107.55,119.53,Bullish,Above CPR,Above CPR,25.21,1096.3,43.48,529.36,Higher,False,No setup,Risk Off
77,GRAPHITE,GRAPHITE INDIA LTD,Capital Goods,702.55,733.8,4.45,Narrow CPR - Breakout,80.32,Ultra-tight Narrow CPR (0.11%) with 1.0x average volume. Trading strong above monthly CPR Top (₹702.17) with +4.45% gain on Day 1. Look for bullish continuation above ₹702.17 with target expansion.,Narrow,0.75,0.1068,701.8,701.42,702.17,701.42,702.17,Bullish,Above CPR,Above CPR,1.0,2012.37,2012.37,479.45,Higher,True,No setup,Risk Off
78,PAYTM,ONE 97 COMMUNICATIONS LTD,Financial Services,1717.1,1633.5,-4.87,Above CPR - Volume Strength,80.1,"above-average 2.3x volume backed by monthly bullish structure. Oscillating inside the monthly CPR band (₹1,538.35 - ₹1,657.52). Wait for a decisive breakout above ₹1,657.52 or breakdown below ₹1,538.35.",Wide,119.17,6.94,1597.93,1538.35,1657.52,1538.35,1657.52,Bullish,Above CPR,Inside CPR,2.33,17080.4,7315.11,452.72,Higher,True,No setup,Risk Off
79,OBEROIRLTY,OBEROI REALTY LIMITED,Realty,1868.0,1880.7,0.68,Narrow CPR - Breakout,80.06,"Ultra-tight Narrow CPR (0.20%) with 1.0x average volume. Trading strong above monthly CPR Top (₹1,866.12) with +0.68% gain on Day 1. Look for bullish continuation above ₹1,866.12 with target expansion.",Narrow,3.77,0.2016,1864.23,1862.35,1866.12,1862.35,1866.12,Bullish,Above CPR,Above CPR,1.0,1891.96,1891.96,39.52,Inside,True,No setup,Risk Off
80,MUNJALAU,MUNJAL AUTO IND. LTD.,Unclassified,115.79,115.4,-0.34,Above CPR - Volume Strength,79.8,massive 22.0x volume explosion backed by monthly bullish structure. Oscillating inside the monthly CPR band (₹114.82 - ₹115.47). Wait for a decisive breakout above ₹115.47 or breakdown below ₹114.82.,Moderate,0.64,0.5556,115.15,114.82,115.47,114.82,115.47,Bullish,Above CPR,Inside CPR,21.96,1036.25,47.19,14.09,Higher,False,No setup,Risk Off
81,DMART,AVENUE SUPERMARTS LIMITED,Consumer Services,3900.0,3824.0,-1.95,Narrow CPR - Breakout,79.62,"Narrow/Moderate CPR (0.31%) with 1.0x average volume. Currently testing below CPR Bottom (₹3,906.02). Due to tight compression, watch for a sharp reclaim above ₹3,918.05 for a false breakdown reversal or breakdown continuation below ₹3,906.02.",Moderate,12.03,0.3085,3912.03,3906.02,3918.05,3918.05,3906.02,Bearish,Below CPR,Below CPR,1.0,3789.12,3789.12,145.23,Lower,True,No setup,Risk Off
82,ANTHEM,ANTHEM BIOSCIENCES LTD,Healthcare,893.05,925.0,3.58,Narrow CPR - Breakout,79.54,Moderate CPR (1.54%) with above-average 2.2x volume. Trading strong above monthly CPR Top (₹886.17) with +3.58% gain on Day 1. Look for bullish continuation above ₹886.17 with target expansion.,Wide,13.77,1.5415,879.28,872.4,886.17,872.4,886.17,Bullish,Above CPR,Above CPR,2.17,1380.86,637.39,122.76,Higher,True,No setup,Risk Off
83,CUPID,CUPID LIMITED,Unclassified,280.46,275.7,-1.7,Above CPR - Volume Strength,79.51,strong 4.5x volume surge backed by monthly bullish structure. Consolidating above monthly CPR Top (₹274.97). Hold/buy on pullbacks holding above Pivot (₹269.49).,Wide,10.97,3.9126,269.49,264.0,274.97,264.0,274.97,Bullish,Above CPR,Above CPR,4.5,17569.39,3901.06,467.73,Higher,False,No setup,Risk Off
84,CHOLAFIN,CHOLAMANDALAM IN & FIN CO,Financial Services,1857.4,1814.7,-2.3,Narrow CPR - Breakout,79.34,"Moderate CPR (0.81%) with 0.8x average volume. Trading below monthly CPR Bottom (₹1,864.93) (-2.30%). Needs a clear close above Pivot (₹1,872.47) to reverse bearish pressure.",Wide,15.07,0.8112,1872.47,1864.93,1880.0,1880.0,1864.93,Bearish,Below CPR,Below CPR,0.8,4322.36,5374.35,339.97,Higher,True,No setup,Risk Off
85,AVADHSUGAR,AVADH SUG & ENERGY LTD,Unclassified,855.3,819.0,-4.24,Above CPR - Volume Strength,79.31,massive 35.7x volume explosion backed by monthly bullish structure. Consolidating above monthly CPR Top (₹802.67). Hold/buy on pullbacks holding above Pivot (₹750.03).,Wide,105.27,12.3076,750.03,697.4,802.67,697.4,802.67,Bullish,Above CPR,Above CPR,35.74,997.28,27.9,11.13,Higher,False,No setup,Risk Off
86,KWIL,KWALITY WALL'S (INDIA) L,Unclassified,45.38,44.42,-2.12,Above CPR - Volume Strength,79.31,strong 5.9x volume surge backed by monthly bullish structure. Consolidating above monthly CPR Top (₹43.86). Hold/buy on pullbacks holding above Pivot (₹42.33).,Wide,3.05,6.7137,42.33,40.81,43.86,40.81,43.86,Bullish,Above CPR,Above CPR,5.9,3792.34,642.29,70.35,Higher,False,No setup,Risk Off
87,ZYDUSLIFE,ZYDUS LIFESCIENCES LTD,Healthcare,1161.3,1167.8,0.56,Above CPR - Volume Strength,79.14,"above-average 2.6x volume backed by monthly bullish structure. Trading strong above monthly CPR Top (₹1,157.13) with +0.56% gain on Day 1. Look for bullish continuation above ₹1,157.13 with target expansion.",Moderate,8.33,0.7176,1152.97,1148.8,1157.13,1148.8,1157.13,Bullish,Above CPR,Above CPR,2.62,4172.98,1595.03,125.12,Higher,True,No setup,Risk Off
88,MAZDOCK,MAZAGON DOCK SHIPBUIL LTD,Capital Goods,2480.0,2485.0,0.2,Narrow CPR - Breakout,79.0,"Moderate CPR (0.88%) with 1.0x average volume. Trading below monthly CPR Bottom (₹2,490.85) (+0.20%). Needs a clear close above Pivot (₹2,501.70) to reverse bearish pressure.",Wide,21.7,0.875,2501.7,2490.85,2512.55,2512.55,2490.85,Bearish,Below CPR,Below CPR,0.98,5089.57,5200.01,117.04,Higher,True,No setup,Risk Off
89,COCHINSHIP,COCHIN SHIPYARD LIMITED,Capital Goods,1510.0,1475.9,-2.26,Narrow CPR - Breakout,78.96,"Narrow/Moderate CPR (0.58%) with 1.0x average volume. Trading below monthly CPR Bottom (₹1,496.75) (-2.26%). Needs a clear close above Pivot (₹1,501.17) to reverse bearish pressure.",Moderate,8.83,0.585,1501.17,1496.75,1505.58,1496.75,1505.58,Bullish,Above CPR,Below CPR,1.0,3399.17,3399.17,60.1,Higher,True,No setup,Risk Off
90,AUBANK,AU SMALL FINANCE BANK LTD,Financial Services,1086.2,1079.2,-0.64,Narrow CPR - Breakout,78.86,"Ultra-tight Narrow CPR (0.21%) with 0.8x average volume. Currently testing below CPR Bottom (₹1,087.35). Due to tight compression, watch for a sharp reclaim above ₹1,089.65 for a false breakdown reversal or breakdown continuation below ₹1,087.35.",Narrow,2.3,0.2117,1088.5,1087.35,1089.65,1089.65,1087.35,Bearish,Below CPR,Below CPR,0.82,3802.77,4651.33,115.26,Higher,True,No setup,Risk Off
91,SHANTIGEAR,SHANTHI GEARS LTD,Unclassified,525.5,531.5,1.14,Above CPR - Volume Strength,78.57,massive 45.2x volume explosion backed by monthly bullish structure. Trading strong above monthly CPR Top (₹511.83) with +1.14% gain on Day 1. Look for bullish continuation above ₹511.83 with target expansion.,Wide,27.33,5.2014,498.17,484.5,511.83,484.5,511.83,Bullish,Above CPR,Above CPR,45.21,924.65,20.45,3.38,Higher,False,No setup,Risk Off
92,PNBHOUSING,PNB HOUSING FIN LTD.,Financial Services,1148.7,1152.0,0.29,Narrow CPR - Breakout,78.57,"Moderate CPR (1.05%) with 1.2x average volume. Trading strong above monthly CPR Top (₹1,142.67) with +0.29% gain on Day 1. Look for bullish continuation above ₹1,142.67 with target expansion.",Wide,12.07,1.0505,1136.63,1130.6,1142.67,1130.6,1142.67,Bullish,Above CPR,Above CPR,1.25,2638.29,2107.45,255.05,Higher,True,No setup,Risk Off
93,UFLEX,UFLEX LIMITED,Unclassified,649.1,644.0,-0.79,Above CPR - Volume Strength,78.32,massive 25.9x volume explosion backed by monthly bullish structure. Consolidating above monthly CPR Top (₹621.41). Hold/buy on pullbacks holding above Pivot (₹593.72).,Wide,55.38,8.5323,593.72,566.02,621.41,566.02,621.41,Bullish,Above CPR,Above CPR,25.85,872.79,33.77,12.42,Higher,False,No setup,Risk Off
94,ABCAPITAL,ADITYA BIRLA CAPITAL LTD.,Financial Services,409.4,394.45,-3.65,Narrow CPR - Breakout,78.16,"Narrow/Moderate CPR (0.46%) with 1.0x average volume. Currently testing below CPR Bottom (₹410.35). Due to tight compression, watch for a sharp reclaim above ₹412.25 for a false breakdown reversal or breakdown continuation below ₹410.35.",Moderate,1.9,0.4641,411.3,410.35,412.25,412.25,410.35,Bearish,Below CPR,Below CPR,1.0,3142.32,3142.32,101.84,Higher,True,No setup,Risk Off
95,IFCI,IFCI LTD,Financial Services,89.7,87.08,-2.92,Above CPR - Volume Strength,78.08,above-average 2.3x volume backed by monthly bullish structure. Oscillating inside the monthly CPR band (₹82.58 - ₹87.33). Wait for a decisive breakout above ₹87.33 or breakdown below ₹82.58.,Wide,4.75,5.2917,84.95,82.58,87.33,82.58,87.33,Bullish,Above CPR,Inside CPR,2.3,5822.06,2526.68,194.8,Higher,True,No setup,Risk Off
96,PCJEWELLER,PC JEWELLER LTD,Unclassified,10.99,10.32,-6.1,Above CPR - Volume Strength,78.02,strong 4.7x volume surge backed by monthly bullish structure. Trading below monthly CPR Bottom (₹10.36) (-6.10%). Needs a clear close above Pivot (₹10.57) to reverse bearish pressure.,Wide,0.42,3.7913,10.57,10.36,10.78,10.36,10.78,Bullish,Above CPR,Below CPR,4.68,5796.03,1238.0,474.8,Higher,False,No setup,Risk Off
97,TVSSRICHAK,TVS SRICHAKRA LIMITED,Unclassified,5519.6,5521.0,0.03,Above CPR - Volume Strength,78.02,"massive 17.5x volume explosion backed by monthly bullish structure. Trading strong above monthly CPR Top (₹5,252.23) with +0.03% gain on Day 1. Look for bullish continuation above ₹5,252.23 with target expansion.",Wide,534.73,9.6879,4984.87,4717.5,5252.23,4717.5,5252.23,Bullish,Above CPR,Above CPR,17.46,857.72,49.13,31.98,Higher,False,No setup,Risk Off
98,ALLCARGO,ALLCARGO LOGISTICS LTD,Unclassified,11.95,12.08,1.09,Above CPR - Volume Strength,77.94,strong 9.8x volume surge backed by monthly bullish structure. Trading strong above monthly CPR Top (₹11.60) with +1.09% gain on Day 1. Look for bullish continuation above ₹11.60 with target expansion.,Wide,0.71,5.9414,11.24,10.89,11.6,10.89,11.6,Bullish,Above CPR,Above CPR,9.85,1070.66,108.65,30.81,Higher,False,No setup,Risk Off
99,MANALIPETC,MANALI PETROCHEMICALS LT,Unclassified,81.75,84.89,3.84,Above CPR - Volume Strength,77.83,massive 18.3x volume explosion backed by monthly bullish structure. Trading strong above monthly CPR Top (₹79.28) with +3.84% gain on Day 1. Look for bullish continuation above ₹79.28 with target expansion.,Wide,4.93,6.0306,76.82,74.35,79.28,74.35,79.28,Bullish,Above CPR,Above CPR,18.34,839.74,45.78,478.24,Higher,False,No setup,Risk Off
100,RENUKA,SHREE RENUKA SUGARS LTD,Unclassified,24.9,24.15,-3.01,Above CPR - Volume Strength,77.41,strong 7.6x volume surge backed by monthly bullish structure. Trading below monthly CPR Bottom (₹24.67) (-3.01%). Needs a clear close above Pivot (₹24.75) to reverse bearish pressure.,Moderate,0.15,0.6158,24.75,24.67,24.82,24.67,24.82,Bullish,Above CPR,Below CPR,7.6,1464.87,192.62,32.43,Higher,False,No setup,Risk Off
