SYMBOL,Industry,CLOSE,Pivot,BC,TC,CPR_Top,CPR_Bottom,CPR_Width_Pct,Width_Rank_Pct,Overlay,Setup,Bias,Price_Position,Segment,Signal_Direction,Signal_Score,Signal_Grade,Signal_Explanation,Strategy_Type,Strategy_Setup,Strategy_Confirmation,Strategy_Explanation
DSSL,Diversified,1036.95,1036.9833333333331,1037.0,1036.9666666666667,1037.0,1036.9666666666667,0.0032145555073342,0.0166666666666666,Lower,Short,Bearish,Below CPR,Cash Only,Short,70,Confirmed,CPR width: Narrow (20/20); Price location: Below CPR (20/20); Trend: unavailable (10/20); Participation: unavailable (10/20); Higher timeframe: unavailable (10/20),Narrow CPR,Not applicable,Not applicable,Narrow CPR; Wide CPR rules not applied
EMCURE,Healthcare,1637.2,1637.0666666666666,1637.0,1637.1333333333332,1637.1333333333332,1637.0,0.0081439856665778,0.0333333333333333,Higher,Long,Bullish,Above CPR,Cash Only,Long,70,Confirmed,CPR width: Narrow (20/20); Price location: Above CPR (20/20); Trend: unavailable (10/20); Participation: unavailable (10/20); Higher timeframe: unavailable (10/20),Narrow CPR,Not applicable,Not applicable,Narrow CPR; Wide CPR rules not applied
GULFOILLUB,Energy & Oil/Gas,969.5,969.5666666666666,969.6,969.5333333333332,969.6,969.5333333333332,0.0068763967680872,0.0166666666666666,Lower,Short,Bearish,Below CPR,Cash Only,Short,70,Confirmed,CPR width: Narrow (20/20); Price location: Below CPR (20/20); Trend: unavailable (10/20); Participation: unavailable (10/20); Higher timeframe: unavailable (10/20),Narrow CPR,Not applicable,Not applicable,Narrow CPR; Wide CPR rules not applied
SVLL,Diversified,557.95,558.0500000000001,558.1,558.0000000000001,558.1,558.0000000000001,0.0179227529348344,0.0166666666666666,Lower,Short,Bearish,Below CPR,Cash Only,Short,70,Confirmed,CPR width: Narrow (20/20); Price location: Below CPR (20/20); Trend: unavailable (10/20); Participation: unavailable (10/20); Higher timeframe: unavailable (10/20),Narrow CPR,Not applicable,Not applicable,Narrow CPR; Wide CPR rules not applied
TTKHLTCARE,Diversified,920.4,920.5666666666668,920.65,920.4833333333332,920.65,920.4833333333332,0.0181080689555348,0.0333333333333333,Lower,Short,Bearish,Below CPR,Cash Only,Short,70,Confirmed,CPR width: Narrow (20/20); Price location: Below CPR (20/20); Trend: unavailable (10/20); Participation: unavailable (10/20); Higher timeframe: unavailable (10/20),Narrow CPR,Not applicable,Not applicable,Narrow CPR; Wide CPR rules not applied
INTLCONV,Diversified,76.8,76.80666666666667,76.81,76.80333333333334,76.81,76.80333333333334,0.0086805555555476,0.0166666666666666,Lower,Short,Bearish,Below CPR,Cash Only,Short,70,Confirmed,CPR width: Narrow (20/20); Price location: Below CPR (20/20); Trend: unavailable (10/20); Participation: unavailable (10/20); Higher timeframe: unavailable (10/20),Narrow CPR,Not applicable,Not applicable,Narrow CPR; Wide CPR rules not applied
VASCONEQ,Diversified,37.6,37.60333333333333,37.605,37.60166666666666,37.605,37.60166666666666,0.00886524822698,0.0166666666666666,Lower,Short,Bearish,Below CPR,Cash Only,Short,70,Confirmed,CPR width: Narrow (20/20); Price location: Below CPR (20/20); Trend: unavailable (10/20); Participation: unavailable (10/20); Higher timeframe: unavailable (10/20),Narrow CPR,Not applicable,Not applicable,Narrow CPR; Wide CPR rules not applied
EMUDHRA,Diversified,500.85,500.9,500.925,500.87500000000006,500.925,500.87500000000006,0.0099830288509442,0.0166666666666666,Lower,Short,Bearish,Below CPR,Cash Only,Short,70,Confirmed,CPR width: Narrow (20/20); Price location: Below CPR (20/20); Trend: unavailable (10/20); Participation: unavailable (10/20); Higher timeframe: unavailable (10/20),Narrow CPR,Not applicable,Not applicable,Narrow CPR; Wide CPR rules not applied
SAMHI,Diversified,162.33,162.3466666666667,162.35500000000002,162.33833333333337,162.35500000000002,162.33833333333337,0.0102671512761975,0.0166666666666666,Lower,Short,Bearish,Below CPR,Cash Only,Short,70,Confirmed,CPR width: Narrow (20/20); Price location: Below CPR (20/20); Trend: unavailable (10/20); Participation: unavailable (10/20); Higher timeframe: unavailable (10/20),Narrow CPR,Not applicable,Not applicable,Narrow CPR; Wide CPR rules not applied
ETERNAL,Consumer Services,256.79,256.82,256.835,256.805,256.835,256.805,0.0116826979243633,0.0166666666666666,Lower,Short,Bearish,Below CPR,Cash Only,Short,70,Confirmed,CPR width: Narrow (20/20); Price location: Below CPR (20/20); Trend: unavailable (10/20); Participation: unavailable (10/20); Higher timeframe: unavailable (10/20),Narrow CPR,Not applicable,Not applicable,Narrow CPR; Wide CPR rules not applied
BANSALWIRE,Diversified,302.85,302.88666666666666,302.905,302.86833333333334,302.905,302.86833333333334,0.0121072037862418,0.0166666666666666,Lower,Short,Bearish,Below CPR,Cash Only,Short,70,Confirmed,CPR width: Narrow (20/20); Price location: Below CPR (20/20); Trend: unavailable (10/20); Participation: unavailable (10/20); Higher timeframe: unavailable (10/20),Narrow CPR,Not applicable,Not applicable,Narrow CPR; Wide CPR rules not applied
KIRLOSIND,Diversified,3238.4,3239.133333333333,3239.5,3238.7666666666664,3239.5,3238.7666666666664,0.0226449275362393,0.0333333333333333,Lower,Short,Bearish,Below CPR,Cash Only,Short,70,Confirmed,CPR width: Narrow (20/20); Price location: Below CPR (20/20); Trend: unavailable (10/20); Participation: unavailable (10/20); Higher timeframe: unavailable (10/20),Narrow CPR,Not applicable,Not applicable,Narrow CPR; Wide CPR rules not applied
CONCOR,Services,502.8,502.9166666666667,502.975,502.85833333333335,502.975,502.85833333333335,0.0232033943251142,0.0166666666666666,Lower,Short,Bearish,Below CPR,Cash Only,Short,70,Confirmed,CPR width: Narrow (20/20); Price location: Below CPR (20/20); Trend: unavailable (10/20); Participation: unavailable (10/20); Higher timeframe: unavailable (10/20),Narrow CPR,Not applicable,Not applicable,Narrow CPR; Wide CPR rules not applied
NSIL,Diversified,5654.9,5655.933333333333,5656.45,5655.416666666667,5656.45,5655.416666666667,0.0182732379588118,0.0833333333333333,Lower,Short,Bearish,Below CPR,Cash Only,Short,70,Confirmed,CPR width: Narrow (20/20); Price location: Below CPR (20/20); Trend: unavailable (10/20); Participation: unavailable (10/20); Higher timeframe: unavailable (10/20),Narrow CPR,Not applicable,Not applicable,Narrow CPR; Wide CPR rules not applied
BSE,Financial Services,3446.0,3446.7333333333336,3447.1,3446.3666666666672,3447.1,3446.3666666666672,0.0212807119365254,0.05,Lower,Short,Bearish,Below CPR,Cash Only,Short,70,Confirmed,CPR width: Narrow (20/20); Price location: Below CPR (20/20); Trend: unavailable (10/20); Participation: unavailable (10/20); Higher timeframe: unavailable (10/20),Narrow CPR,Not applicable,Not applicable,Narrow CPR; Wide CPR rules not applied
MVGJL,Diversified,173.44,173.48333333333335,173.505,173.4616666666667,173.505,173.4616666666667,0.0249846248462257,0.0166666666666666,Lower,Short,Bearish,Below CPR,Cash Only,Short,70,Confirmed,CPR width: Narrow (20/20); Price location: Below CPR (20/20); Trend: unavailable (10/20); Participation: unavailable (10/20); Higher timeframe: unavailable (10/20),Narrow CPR,Not applicable,Not applicable,Narrow CPR; Wide CPR rules not applied
SHARDACROP,Diversified,1109.65,1109.9333333333334,1110.075,1109.7916666666667,1110.075,1109.7916666666667,0.0255335766532963,0.0166666666666666,Lower,Short,Bearish,Below CPR,Cash Only,Short,70,Confirmed,CPR width: Narrow (20/20); Price location: Below CPR (20/20); Trend: unavailable (10/20); Participation: unavailable (10/20); Higher timeframe: unavailable (10/20),Narrow CPR,Not applicable,Not applicable,Narrow CPR; Wide CPR rules not applied
BCPL,Diversified,68.32,68.34333333333332,68.35499999999999,68.33166666666665,68.35499999999999,68.33166666666665,0.0341530054644914,0.0555555555555555,Lower,Short,Bearish,Below CPR,Cash Only,Short,70,Confirmed,CPR width: Narrow (20/20); Price location: Below CPR (20/20); Trend: unavailable (10/20); Participation: unavailable (10/20); Higher timeframe: unavailable (10/20),Narrow CPR,Not applicable,Not applicable,Narrow CPR; Wide CPR rules not applied
VEDL,Metals & Mining,720.95,721.1666666666666,721.2750000000001,721.0583333333332,721.2750000000001,721.0583333333332,0.0300529394086863,0.0333333333333333,Lower,Short,Bearish,Below CPR,Cash Only,Short,70,Confirmed,CPR width: Narrow (20/20); Price location: Below CPR (20/20); Trend: unavailable (10/20); Participation: unavailable (10/20); Higher timeframe: unavailable (10/20),Narrow CPR,Not applicable,Not applicable,Narrow CPR; Wide CPR rules not applied
DOLPHIN,Diversified,411.75,412.05,412.2000000000001,411.9,412.2000000000001,411.9,0.0728597449909091,0.0666666666666666,Lower,Short,Bearish,Below CPR,Cash Only,Short,70,Confirmed,CPR width: Narrow (20/20); Price location: Below CPR (20/20); Trend: unavailable (10/20); Participation: unavailable (10/20); Higher timeframe: unavailable (10/20),Narrow CPR,Not applicable,Not applicable,Narrow CPR; Wide CPR rules not applied
GODIGIT,Financial Services,320.1,320.3333333333333,320.45,320.21666666666664,320.45,320.21666666666664,0.0728938873268817,0.2,Lower,Short,Bearish,Below CPR,Cash Only,Short,70,Confirmed,CPR width: Narrow (20/20); Price location: Below CPR (20/20); Trend: unavailable (10/20); Participation: unavailable (10/20); Higher timeframe: unavailable (10/20),Narrow CPR,Not applicable,Not applicable,Narrow CPR; Wide CPR rules not applied
KEI,Capital Goods,4816.1,4817.833333333333,4818.7,4816.966666666666,4818.7,4816.966666666666,0.0359903933334767,0.0666666666666666,Lower,Short,Bearish,Below CPR,Cash Only,Short,70,Confirmed,CPR width: Narrow (20/20); Price location: Below CPR (20/20); Trend: unavailable (10/20); Participation: unavailable (10/20); Higher timeframe: unavailable (10/20),Narrow CPR,Not applicable,Not applicable,Narrow CPR; Wide CPR rules not applied
ORIENTTECH,Information Technology,278.2,278.3066666666667,278.36,278.25333333333333,278.36,278.25333333333333,0.0383417205847172,0.1,Lower,Short,Bearish,Below CPR,Cash Only,Short,70,Confirmed,CPR width: Narrow (20/20); Price location: Below CPR (20/20); Trend: unavailable (10/20); Participation: unavailable (10/20); Higher timeframe: unavailable (10/20),Narrow CPR,Not applicable,Not applicable,Narrow CPR; Wide CPR rules not applied
HARDWYN,Diversified,25.68,25.67,25.665,25.675,25.675,25.665,0.0389408099688396,0.05,Higher,Long,Bullish,Above CPR,Cash Only,Long,70,Confirmed,CPR width: Narrow (20/20); Price location: Above CPR (20/20); Trend: unavailable (10/20); Participation: unavailable (10/20); Higher timeframe: unavailable (10/20),Narrow CPR,Not applicable,Not applicable,Narrow CPR; Wide CPR rules not applied
TIRUMALCHM,Diversified,195.81,195.89,195.93,195.85,195.93,195.85,0.0408559317705858,0.05,Lower,Short,Bearish,Below CPR,Cash Only,Short,70,Confirmed,CPR width: Narrow (20/20); Price location: Below CPR (20/20); Trend: unavailable (10/20); Participation: unavailable (10/20); Higher timeframe: unavailable (10/20),Narrow CPR,Not applicable,Not applicable,Narrow CPR; Wide CPR rules not applied
TBOTEK,Consumer Services,1243.4,1243.9333333333334,1244.2,1243.6666666666667,1244.2,1243.6666666666667,0.0428931424588469,0.0166666666666666,Lower,Short,Bearish,Below CPR,Cash Only,Short,70,Confirmed,CPR width: Narrow (20/20); Price location: Below CPR (20/20); Trend: unavailable (10/20); Participation: unavailable (10/20); Higher timeframe: unavailable (10/20),Narrow CPR,Not applicable,Not applicable,Narrow CPR; Wide CPR rules not applied
GIPCL,Diversified,154.36,154.42666666666665,154.45999999999998,154.39333333333332,154.45999999999998,154.39333333333332,0.0431890818001184,0.05,Lower,Short,Bearish,Below CPR,Cash Only,Short,70,Confirmed,CPR width: Narrow (20/20); Price location: Below CPR (20/20); Trend: unavailable (10/20); Participation: unavailable (10/20); Higher timeframe: unavailable (10/20),Narrow CPR,Not applicable,Not applicable,Narrow CPR; Wide CPR rules not applied
MANINFRA,Real Estate & Infra,113.53,113.48,113.455,113.505,113.505,113.455,0.0440412225843489,0.05,Higher,Long,Bullish,Above CPR,Cash Only,Long,70,Confirmed,CPR width: Narrow (20/20); Price location: Above CPR (20/20); Trend: unavailable (10/20); Participation: unavailable (10/20); Higher timeframe: unavailable (10/20),Narrow CPR,Not applicable,Not applicable,Narrow CPR; Wide CPR rules not applied
SANDUMA,Diversified,209.35,209.45,209.5,209.40000000000003,209.5,209.40000000000003,0.0477668975399884,0.0333333333333333,Lower,Short,Bearish,Below CPR,Cash Only,Short,70,Confirmed,CPR width: Narrow (20/20); Price location: Below CPR (20/20); Trend: unavailable (10/20); Participation: unavailable (10/20); Higher timeframe: unavailable (10/20),Narrow CPR,Not applicable,Not applicable,Narrow CPR; Wide CPR rules not applied
IDBI,Financial Services,76.17,76.13333333333334,76.11500000000001,76.15166666666667,76.15166666666667,76.11500000000001,0.0481379370705812,0.0333333333333333,Higher,Long,Bullish,Above CPR,Cash Only,Long,70,Confirmed,CPR width: Narrow (20/20); Price location: Above CPR (20/20); Trend: unavailable (10/20); Participation: unavailable (10/20); Higher timeframe: unavailable (10/20),Narrow CPR,Not applicable,Not applicable,Narrow CPR; Wide CPR rules not applied
VAKRANGEE,Diversified,6.91,6.913333333333334,6.915,6.911666666666668,6.915,6.911666666666668,0.048239266763127,0.0166666666666666,Lower,Short,Bearish,Below CPR,Cash Only,Short,70,Confirmed,CPR width: Narrow (20/20); Price location: Below CPR (20/20); Trend: unavailable (10/20); Participation: unavailable (10/20); Higher timeframe: unavailable (10/20),Narrow CPR,Not applicable,Not applicable,Narrow CPR; Wide CPR rules not applied
DHANBANK,Financial Services,26.56,26.57333333333333,26.58,26.56666666666667,26.58,26.56666666666667,0.0502008032128325,0.1,Lower,Short,Bearish,Below CPR,Cash Only,Short,70,Confirmed,CPR width: Narrow (20/20); Price location: Below CPR (20/20); Trend: unavailable (10/20); Participation: unavailable (10/20); Higher timeframe: unavailable (10/20),Narrow CPR,Not applicable,Not applicable,Narrow CPR; Wide CPR rules not applied
INDIQUBE,Diversified,179.12,179.02333333333334,178.97500000000002,179.07166666666666,179.07166666666666,178.97500000000002,0.0539675450349685,0.1,Higher,Long,Bullish,Above CPR,Cash Only,Long,70,Confirmed,CPR width: Narrow (20/20); Price location: Above CPR (20/20); Trend: unavailable (10/20); Participation: unavailable (10/20); Higher timeframe: unavailable (10/20),Narrow CPR,Not applicable,Not applicable,Narrow CPR; Wide CPR rules not applied
DEEDEV,Diversified,432.35,432.1166666666666,432.0,432.2333333333332,432.2333333333332,432.0,0.053968621101708,0.05,Higher,Long,Bullish,Above CPR,Cash Only,Long,70,Confirmed,CPR width: Narrow (20/20); Price location: Above CPR (20/20); Trend: unavailable (10/20); Participation: unavailable (10/20); Higher timeframe: unavailable (10/20),Narrow CPR,Not applicable,Not applicable,Narrow CPR; Wide CPR rules not applied
STYRENIX,Automobile & Ancillary,2331.4,2330.133333333333,2329.5,2330.7666666666664,2330.7666666666664,2329.5,0.0543307311772507,0.1,Higher,Long,Bullish,Above CPR,Cash Only,Long,70,Confirmed,CPR width: Narrow (20/20); Price location: Above CPR (20/20); Trend: unavailable (10/20); Participation: unavailable (10/20); Higher timeframe: unavailable (10/20),Narrow CPR,Not applicable,Not applicable,Narrow CPR; Wide CPR rules not applied
M&MFIN,Financial Services,294.4,294.56666666666666,294.65,294.4833333333333,294.65,294.4833333333333,0.0566123188405668,0.0333333333333333,Lower,Short,Bearish,Below CPR,Cash Only,Short,70,Confirmed,CPR width: Narrow (20/20); Price location: Below CPR (20/20); Trend: unavailable (10/20); Participation: unavailable (10/20); Higher timeframe: unavailable (10/20),Narrow CPR,Not applicable,Not applicable,Narrow CPR; Wide CPR rules not applied
ACC,Construction Materials,1412.7,1413.5,1413.9,1413.1,1413.9,1413.1,0.0566291498549006,0.1333333333333333,Lower,Short,Bearish,Below CPR,Cash Only,Short,70,Confirmed,CPR width: Narrow (20/20); Price location: Below CPR (20/20); Trend: unavailable (10/20); Participation: unavailable (10/20); Higher timeframe: unavailable (10/20),Narrow CPR,Not applicable,Not applicable,Narrow CPR; Wide CPR rules not applied
SMLT,Diversified,70.37,70.41000000000001,70.43,70.39000000000001,70.43,70.39000000000001,0.0568424044336962,0.0666666666666666,Lower,Short,Bearish,Below CPR,Cash Only,Short,70,Confirmed,CPR width: Narrow (20/20); Price location: Below CPR (20/20); Trend: unavailable (10/20); Participation: unavailable (10/20); Higher timeframe: unavailable (10/20),Narrow CPR,Not applicable,Not applicable,Narrow CPR; Wide CPR rules not applied
IOB,Financial Services,35.01,35.03,35.04,35.02,35.04,35.02,0.0571265352756241,0.05,Lower,Short,Bearish,Below CPR,Cash Only,Short,70,Confirmed,CPR width: Narrow (20/20); Price location: Below CPR (20/20); Trend: unavailable (10/20); Participation: unavailable (10/20); Higher timeframe: unavailable (10/20),Narrow CPR,Not applicable,Not applicable,Narrow CPR; Wide CPR rules not applied
NESTLEIND,Fast Moving Consumer Goods,1421.3,1420.4333333333334,1420.0,1420.8666666666668,1420.8666666666668,1420.0,0.0609770397992533,0.05,Higher,Long,Bullish,Above CPR,Cash Only,Long,70,Confirmed,CPR width: Narrow (20/20); Price location: Above CPR (20/20); Trend: unavailable (10/20); Participation: unavailable (10/20); Higher timeframe: unavailable (10/20),Narrow CPR,Not applicable,Not applicable,Narrow CPR; Wide CPR rules not applied
TVVISION,Diversified,5.42,5.423333333333333,5.425,5.421666666666666,5.425,5.421666666666666,0.0615006150061596,0.0344827586206896,Lower,Short,Bearish,Below CPR,Cash Only,Short,70,Confirmed,CPR width: Narrow (20/20); Price location: Below CPR (20/20); Trend: unavailable (10/20); Participation: unavailable (10/20); Higher timeframe: unavailable (10/20),Narrow CPR,Not applicable,Not applicable,Narrow CPR; Wide CPR rules not applied
AMAGI,Diversified,377.3,377.06666666666666,376.95,377.1833333333333,377.1833333333333,376.95,0.0618429189857801,0.0333333333333333,Higher,Long,Bullish,Above CPR,Cash Only,Long,70,Confirmed,CPR width: Narrow (20/20); Price location: Above CPR (20/20); Trend: unavailable (10/20); Participation: unavailable (10/20); Higher timeframe: unavailable (10/20),Narrow CPR,Not applicable,Not applicable,Narrow CPR; Wide CPR rules not applied
NTPC,Power,401.85,402.1000000000001,402.225,401.97500000000014,402.225,401.97500000000014,0.0622122682592724,0.0666666666666666,Lower,Short,Bearish,Below CPR,Cash Only,Short,70,Confirmed,CPR width: Narrow (20/20); Price location: Below CPR (20/20); Trend: unavailable (10/20); Participation: unavailable (10/20); Higher timeframe: unavailable (10/20),Narrow CPR,Not applicable,Not applicable,Narrow CPR; Wide CPR rules not applied
ZFCVINDIA,Automobile and Auto Components,15002.0,15011.333333333334,15016.0,15006.666666666668,15016.0,15006.666666666668,0.0622139270319432,0.0666666666666666,Lower,Short,Bearish,Below CPR,Cash Only,Short,70,Confirmed,CPR width: Narrow (20/20); Price location: Below CPR (20/20); Trend: unavailable (10/20); Participation: unavailable (10/20); Higher timeframe: unavailable (10/20),Narrow CPR,Not applicable,Not applicable,Narrow CPR; Wide CPR rules not applied
MANAPPURAM,Financial Services,289.4,289.5833333333333,289.67499999999995,289.4916666666667,289.67499999999995,289.4916666666667,0.0633494586500622,0.0833333333333333,Lower,Short,Bearish,Below CPR,Cash Only,Short,70,Confirmed,CPR width: Narrow (20/20); Price location: Below CPR (20/20); Trend: unavailable (10/20); Participation: unavailable (10/20); Higher timeframe: unavailable (10/20),Narrow CPR,Not applicable,Not applicable,Narrow CPR; Wide CPR rules not applied
STUDDS,Diversified,486.45,486.76666666666665,486.925,486.6083333333333,486.925,486.6083333333333,0.0650974749032212,0.0833333333333333,Lower,Short,Bearish,Below CPR,Cash Only,Short,70,Confirmed,CPR width: Narrow (20/20); Price location: Below CPR (20/20); Trend: unavailable (10/20); Participation: unavailable (10/20); Higher timeframe: unavailable (10/20),Narrow CPR,Not applicable,Not applicable,Narrow CPR; Wide CPR rules not applied
INDHOTEL,Consumer Services,635.35,635.7666666666665,635.9749999999999,635.5583333333332,635.9749999999999,635.5583333333332,0.0655806510847158,0.1,Lower,Short,Bearish,Below CPR,Cash Only,Short,70,Confirmed,CPR width: Narrow (20/20); Price location: Below CPR (20/20); Trend: unavailable (10/20); Participation: unavailable (10/20); Higher timeframe: unavailable (10/20),Narrow CPR,Not applicable,Not applicable,Narrow CPR; Wide CPR rules not applied
MEDANTA,Healthcare,1105.55,1106.3,1106.675,1105.925,1106.675,1105.925,0.0678395368820948,0.0833333333333333,Lower,Short,Bearish,Below CPR,Cash Only,Short,70,Confirmed,CPR width: Narrow (20/20); Price location: Below CPR (20/20); Trend: unavailable (10/20); Participation: unavailable (10/20); Higher timeframe: unavailable (10/20),Narrow CPR,Not applicable,Not applicable,Narrow CPR; Wide CPR rules not applied
ALANKIT,Diversified,9.32,9.313333333333334,9.31,9.316666666666668,9.316666666666668,9.31,0.0715307582260483,0.05,Higher,Long,Bullish,Above CPR,Cash Only,Long,70,Confirmed,CPR width: Narrow (20/20); Price location: Above CPR (20/20); Trend: unavailable (10/20); Participation: unavailable (10/20); Higher timeframe: unavailable (10/20),Narrow CPR,Not applicable,Not applicable,Narrow CPR; Wide CPR rules not applied
TATSILV,Diversified,23.15,23.166666666666668,23.175,23.15833333333334,23.175,23.15833333333334,0.0719942404607283,0.1166666666666666,Lower,Short,Bearish,Below CPR,Cash Only,Short,70,Confirmed,CPR width: Narrow (20/20); Price location: Below CPR (20/20); Trend: unavailable (10/20); Participation: unavailable (10/20); Higher timeframe: unavailable (10/20),Narrow CPR,Not applicable,Not applicable,Narrow CPR; Wide CPR rules not applied
PLATIND,Diversified,220.11,220.27,220.35,220.19,220.35,220.19,0.0726909272636522,0.1333333333333333,Lower,Short,Bearish,Below CPR,Cash Only,Short,70,Confirmed,CPR width: Narrow (20/20); Price location: Below CPR (20/20); Trend: unavailable (10/20); Participation: unavailable (10/20); Higher timeframe: unavailable (10/20),Narrow CPR,Not applicable,Not applicable,Narrow CPR; Wide CPR rules not applied
CYBERMEDIA,Information Technology,16.08,16.093333333333334,16.1,16.086666666666666,16.1,16.086666666666666,0.0829187396351705,0.0333333333333333,Lower,Short,Bearish,Below CPR,Cash Only,Short,70,Confirmed,CPR width: Narrow (20/20); Price location: Below CPR (20/20); Trend: unavailable (10/20); Participation: unavailable (10/20); Higher timeframe: unavailable (10/20),Narrow CPR,Not applicable,Not applicable,Narrow CPR; Wide CPR rules not applied
RPPL,Diversified,16.05,16.063333333333333,16.07,16.056666666666665,16.07,16.056666666666665,0.083073727933554,0.0666666666666666,Lower,Short,Bearish,Below CPR,Cash Only,Short,70,Confirmed,CPR width: Narrow (20/20); Price location: Below CPR (20/20); Trend: unavailable (10/20); Participation: unavailable (10/20); Higher timeframe: unavailable (10/20),Narrow CPR,Not applicable,Not applicable,Narrow CPR; Wide CPR rules not applied
TATASTEEL,Metals & Mining,210.07,210.22333333333336,210.3,210.1466666666667,210.3,210.1466666666667,0.0729915425016935,0.1166666666666666,Lower,Short,Bearish,Below CPR,Cash Only,Short,70,Confirmed,CPR width: Narrow (20/20); Price location: Below CPR (20/20); Trend: unavailable (10/20); Participation: unavailable (10/20); Higher timeframe: unavailable (10/20),Narrow CPR,Not applicable,Not applicable,Narrow CPR; Wide CPR rules not applied
CARTRADE,Consumer Services,1694.3,1695.5666666666666,1696.2,1694.9333333333332,1696.2,1694.9333333333332,0.0747604713844584,0.15,Lower,Short,Bearish,Below CPR,Cash Only,Short,70,Confirmed,CPR width: Narrow (20/20); Price location: Below CPR (20/20); Trend: unavailable (10/20); Participation: unavailable (10/20); Higher timeframe: unavailable (10/20),Narrow CPR,Not applicable,Not applicable,Narrow CPR; Wide CPR rules not applied
MSUMI,Automobile and Auto Components,39.9,39.93,39.945,39.915,39.945,39.915,0.0751879699248148,0.1166666666666666,Lower,Short,Bearish,Below CPR,Cash Only,Short,70,Confirmed,CPR width: Narrow (20/20); Price location: Below CPR (20/20); Trend: unavailable (10/20); Participation: unavailable (10/20); Higher timeframe: unavailable (10/20),Narrow CPR,Not applicable,Not applicable,Narrow CPR; Wide CPR rules not applied
PSUBANK,Financial Services,876.74,877.4,877.73,877.0699999999999,877.73,877.0699999999999,0.0752788740105483,0.1,Lower,Short,Bearish,Below CPR,Cash Only,Short,70,Confirmed,CPR width: Narrow (20/20); Price location: Below CPR (20/20); Trend: unavailable (10/20); Participation: unavailable (10/20); Higher timeframe: unavailable (10/20),Narrow CPR,Not applicable,Not applicable,Narrow CPR; Wide CPR rules not applied
SUBEXLTD,Diversified,8.83,8.836666666666666,8.84,8.833333333333332,8.84,8.833333333333332,0.0755001887504836,0.1166666666666666,Lower,Short,Bearish,Below CPR,Cash Only,Short,70,Confirmed,CPR width: Narrow (20/20); Price location: Below CPR (20/20); Trend: unavailable (10/20); Participation: unavailable (10/20); Higher timeframe: unavailable (10/20),Narrow CPR,Not applicable,Not applicable,Narrow CPR; Wide CPR rules not applied
CAPILLARY,Diversified,561.15,560.7166666666667,560.5,560.9333333333334,560.9333333333334,560.5,0.0772223707267921,0.1333333333333333,Higher,Long,Bullish,Above CPR,Cash Only,Long,70,Confirmed,CPR width: Narrow (20/20); Price location: Above CPR (20/20); Trend: unavailable (10/20); Participation: unavailable (10/20); Higher timeframe: unavailable (10/20),Narrow CPR,Not applicable,Not applicable,Narrow CPR; Wide CPR rules not applied
NARMADA,Diversified,34.42,34.39333333333333,34.379999999999995,34.406666666666666,34.406666666666666,34.379999999999995,0.0774743366260047,0.1666666666666666,Higher,Long,Bullish,Above CPR,Cash Only,Long,70,Confirmed,CPR width: Narrow (20/20); Price location: Above CPR (20/20); Trend: unavailable (10/20); Participation: unavailable (10/20); Higher timeframe: unavailable (10/20),Narrow CPR,Not applicable,Not applicable,Narrow CPR; Wide CPR rules not applied
BEL,Capital Goods,444.45,444.8,444.975,444.625,444.975,444.625,0.0787490156373096,0.0833333333333333,Lower,Short,Bearish,Below CPR,Cash Only,Short,70,Confirmed,CPR width: Narrow (20/20); Price location: Below CPR (20/20); Trend: unavailable (10/20); Participation: unavailable (10/20); Higher timeframe: unavailable (10/20),Narrow CPR,Not applicable,Not applicable,Narrow CPR; Wide CPR rules not applied
SCHAEFFLER,Automobile and Auto Components,4286.6,4283.166666666667,4281.45,4284.883333333334,4284.883333333334,4281.45,0.080094558235765,0.1,Higher,Long,Bullish,Above CPR,Cash Only,Long,70,Confirmed,CPR width: Narrow (20/20); Price location: Above CPR (20/20); Trend: unavailable (10/20); Participation: unavailable (10/20); Higher timeframe: unavailable (10/20),Narrow CPR,Not applicable,Not applicable,Narrow CPR; Wide CPR rules not applied
ARIES,Diversified,369.75,370.05,370.2000000000001,369.9,370.2000000000001,369.9,0.0811359026369352,0.0666666666666666,Lower,Short,Bearish,Below CPR,Cash Only,Short,70,Confirmed,CPR width: Narrow (20/20); Price location: Below CPR (20/20); Trend: unavailable (10/20); Participation: unavailable (10/20); Higher timeframe: unavailable (10/20),Narrow CPR,Not applicable,Not applicable,Narrow CPR; Wide CPR rules not applied
ORIENTCEM,Diversified,143.57,143.68666666666667,143.745,143.62833333333333,143.745,143.62833333333333,0.0812611734113493,0.15,Lower,Short,Bearish,Below CPR,Cash Only,Short,70,Confirmed,CPR width: Narrow (20/20); Price location: Below CPR (20/20); Trend: unavailable (10/20); Participation: unavailable (10/20); Higher timeframe: unavailable (10/20),Narrow CPR,Not applicable,Not applicable,Narrow CPR; Wide CPR rules not applied
KERNEX,Diversified,1296.45,1295.3833333333332,1294.85,1295.9166666666663,1295.9166666666663,1294.85,0.0822759587077485,0.05,Higher,Long,Bullish,Above CPR,Cash Only,Long,70,Confirmed,CPR width: Narrow (20/20); Price location: Above CPR (20/20); Trend: unavailable (10/20); Participation: unavailable (10/20); Higher timeframe: unavailable (10/20),Narrow CPR,Not applicable,Not applicable,Narrow CPR; Wide CPR rules not applied
JSWSTEEL,Metals & Mining,1255.7,1256.7333333333331,1257.25,1256.2166666666667,1257.25,1256.2166666666667,0.0822914178014894,0.1166666666666666,Lower,Short,Bearish,Below CPR,Cash Only,Short,70,Confirmed,CPR width: Narrow (20/20); Price location: Below CPR (20/20); Trend: unavailable (10/20); Participation: unavailable (10/20); Higher timeframe: unavailable (10/20),Narrow CPR,Not applicable,Not applicable,Narrow CPR; Wide CPR rules not applied
SPECIALITY,Diversified,100.9,100.98333333333336,101.025,100.94166666666668,101.025,100.94166666666668,0.0825900231251876,0.0666666666666666,Lower,Short,Bearish,Below CPR,Cash Only,Short,70,Confirmed,CPR width: Narrow (20/20); Price location: Below CPR (20/20); Trend: unavailable (10/20); Participation: unavailable (10/20); Higher timeframe: unavailable (10/20),Narrow CPR,Not applicable,Not applicable,Narrow CPR; Wide CPR rules not applied
GICRE,Financial Services,397.9,398.26666666666665,398.45,398.0833333333333,398.45,398.0833333333333,0.0921504565636276,0.1333333333333333,Lower,Short,Bearish,Below CPR,Cash Only,Short,70,Confirmed,CPR width: Narrow (20/20); Price location: Below CPR (20/20); Trend: unavailable (10/20); Participation: unavailable (10/20); Higher timeframe: unavailable (10/20),Narrow CPR,Not applicable,Not applicable,Narrow CPR; Wide CPR rules not applied
NYKAA,Consumer Services,262.79,262.5466666666666,262.42499999999995,262.6683333333333,262.6683333333333,262.42499999999995,0.0925961160368885,0.1166666666666666,Higher,Long,Bullish,Above CPR,Cash Only,Long,70,Confirmed,CPR width: Narrow (20/20); Price location: Above CPR (20/20); Trend: unavailable (10/20); Participation: unavailable (10/20); Higher timeframe: unavailable (10/20),Narrow CPR,Not applicable,Not applicable,Narrow CPR; Wide CPR rules not applied
AADHARHFC,Financial Services,488.1,488.5166666666667,488.725,488.3083333333334,488.725,488.3083333333334,0.0853650208290573,0.0833333333333333,Lower,Short,Bearish,Below CPR,Cash Only,Short,70,Confirmed,CPR width: Narrow (20/20); Price location: Below CPR (20/20); Trend: unavailable (10/20); Participation: unavailable (10/20); Higher timeframe: unavailable (10/20),Narrow CPR,Not applicable,Not applicable,Narrow CPR; Wide CPR rules not applied
VIKRAMSOLR,Diversified,222.79,222.9833333333333,223.08,222.88666666666663,223.08,222.88666666666663,0.0867782814907886,0.1,Lower,Short,Bearish,Below CPR,Cash Only,Short,70,Confirmed,CPR width: Narrow (20/20); Price location: Below CPR (20/20); Trend: unavailable (10/20); Participation: unavailable (10/20); Higher timeframe: unavailable (10/20),Narrow CPR,Not applicable,Not applicable,Narrow CPR; Wide CPR rules not applied
ISGEC,Diversified,1055.1,1056.0166666666669,1056.475,1055.5583333333334,1056.475,1055.5583333333334,0.0868796006697483,0.1,Lower,Short,Bearish,Below CPR,Cash Only,Short,70,Confirmed,CPR width: Narrow (20/20); Price location: Below CPR (20/20); Trend: unavailable (10/20); Participation: unavailable (10/20); Higher timeframe: unavailable (10/20),Narrow CPR,Not applicable,Not applicable,Narrow CPR; Wide CPR rules not applied
MAZDOCK,Capital Goods,2680.4,2682.7333333333336,2683.9,2681.566666666667,2683.9,2681.566666666667,0.087051683828273,0.1166666666666666,Lower,Short,Bearish,Below CPR,Cash Only,Short,70,Confirmed,CPR width: Narrow (20/20); Price location: Below CPR (20/20); Trend: unavailable (10/20); Participation: unavailable (10/20); Higher timeframe: unavailable (10/20),Narrow CPR,Not applicable,Not applicable,Narrow CPR; Wide CPR rules not applied
IGL,Oil Gas & Consumable Fuels,164.61,164.75333333333333,164.825,164.68166666666667,164.825,164.68166666666667,0.0870744993216187,0.1333333333333333,Lower,Short,Bearish,Below CPR,Cash Only,Short,70,Confirmed,CPR width: Narrow (20/20); Price location: Below CPR (20/20); Trend: unavailable (10/20); Participation: unavailable (10/20); Higher timeframe: unavailable (10/20),Narrow CPR,Not applicable,Not applicable,Narrow CPR; Wide CPR rules not applied
RBZJEWEL,Consumer & Retail,139.22,139.34666666666666,139.41,139.28333333333333,139.41,139.28333333333333,0.0909830962984234,0.1166666666666666,Lower,Short,Bearish,Below CPR,Cash Only,Short,70,Confirmed,CPR width: Narrow (20/20); Price location: Below CPR (20/20); Trend: unavailable (10/20); Participation: unavailable (10/20); Higher timeframe: unavailable (10/20),Narrow CPR,Not applicable,Not applicable,Narrow CPR; Wide CPR rules not applied
INDIASHLTR,Diversified,809.7,808.9166666666666,808.5250000000001,809.3083333333332,809.3083333333332,808.5250000000001,0.096743649911458,0.1166666666666666,Higher,Long,Bullish,Above CPR,Cash Only,Long,70,Confirmed,CPR width: Narrow (20/20); Price location: Above CPR (20/20); Trend: unavailable (10/20); Participation: unavailable (10/20); Higher timeframe: unavailable (10/20),Narrow CPR,Not applicable,Not applicable,Narrow CPR; Wide CPR rules not applied
JAYBARMARU,Diversified,92.97,93.06,93.105,93.015,93.105,93.015,0.0968054211035854,0.05,Lower,Short,Bearish,Below CPR,Cash Only,Short,70,Confirmed,CPR width: Narrow (20/20); Price location: Below CPR (20/20); Trend: unavailable (10/20); Participation: unavailable (10/20); Higher timeframe: unavailable (10/20),Narrow CPR,Not applicable,Not applicable,Narrow CPR; Wide CPR rules not applied
PALASHSECU,Diversified,96.56,96.65,96.695,96.605,96.695,96.605,0.0932062966031518,0.1,Lower,Short,Bearish,Below CPR,Cash Only,Short,70,Confirmed,CPR width: Narrow (20/20); Price location: Below CPR (20/20); Trend: unavailable (10/20); Participation: unavailable (10/20); Higher timeframe: unavailable (10/20),Narrow CPR,Not applicable,Not applicable,Narrow CPR; Wide CPR rules not applied
WEWORK,Diversified,535.0,535.5166666666667,535.775,535.2583333333333,535.775,535.2583333333333,0.0965732087227386,0.0833333333333333,Lower,Short,Bearish,Below CPR,Cash Only,Short,70,Confirmed,CPR width: Narrow (20/20); Price location: Below CPR (20/20); Trend: unavailable (10/20); Participation: unavailable (10/20); Higher timeframe: unavailable (10/20),Narrow CPR,Not applicable,Not applicable,Narrow CPR; Wide CPR rules not applied
ORIENTELEC,Diversified,184.81,184.9933333333333,185.085,184.90166666666667,185.085,184.90166666666667,0.0992009811878887,0.0666666666666666,Lower,Short,Bearish,Below CPR,Cash Only,Short,70,Confirmed,CPR width: Narrow (20/20); Price location: Below CPR (20/20); Trend: unavailable (10/20); Participation: unavailable (10/20); Higher timeframe: unavailable (10/20),Narrow CPR,Not applicable,Not applicable,Narrow CPR; Wide CPR rules not applied
TEJASNET,Telecommunication,411.0,410.5833333333333,410.375,410.7916666666666,410.7916666666666,410.375,0.1013787510137782,0.0666666666666666,Higher,Long,Bullish,Above CPR,Cash Only,Long,70,Confirmed,CPR width: Narrow (20/20); Price location: Above CPR (20/20); Trend: unavailable (10/20); Participation: unavailable (10/20); Higher timeframe: unavailable (10/20),Narrow CPR,Not applicable,Not applicable,Narrow CPR; Wide CPR rules not applied
MEDICAMEQ,Healthcare & Pharma,257.66,257.93,258.065,257.795,258.065,257.795,0.1047892571605921,0.0833333333333333,Lower,Short,Bearish,Below CPR,Cash Only,Short,70,Confirmed,CPR width: Narrow (20/20); Price location: Below CPR (20/20); Trend: unavailable (10/20); Participation: unavailable (10/20); Higher timeframe: unavailable (10/20),Narrow CPR,Not applicable,Not applicable,Narrow CPR; Wide CPR rules not applied
ABREL,Realty,1413.7,1415.1333333333332,1415.85,1414.4166666666663,1415.85,1414.4166666666663,0.101388790643941,0.1166666666666666,Lower,Short,Bearish,Below CPR,Cash Only,Short,70,Confirmed,CPR width: Narrow (20/20); Price location: Below CPR (20/20); Trend: unavailable (10/20); Participation: unavailable (10/20); Higher timeframe: unavailable (10/20),Narrow CPR,Not applicable,Not applicable,Narrow CPR; Wide CPR rules not applied
AARON,Diversified,140.51,140.80666666666664,140.95499999999998,140.6583333333333,140.95499999999998,140.6583333333333,0.2111356249851833,0.25,Lower,Short,Bearish,Below CPR,Cash Only,Short,70,Confirmed,CPR width: Narrow (20/20); Price location: Below CPR (20/20); Trend: unavailable (10/20); Participation: unavailable (10/20); Higher timeframe: unavailable (10/20),Narrow CPR,Not applicable,Not applicable,Narrow CPR; Wide CPR rules not applied
SUNFLAG,Diversified,287.1,287.70666666666665,288.01,287.4033333333333,288.01,287.4033333333333,0.2113084871705619,0.2,Lower,Short,Bearish,Below CPR,Cash Only,Short,70,Confirmed,CPR width: Narrow (20/20); Price location: Below CPR (20/20); Trend: unavailable (10/20); Participation: unavailable (10/20); Higher timeframe: unavailable (10/20),Narrow CPR,Not applicable,Not applicable,Narrow CPR; Wide CPR rules not applied
LICHSGFIN,Financial Services,540.75,541.3166666666666,541.5999999999999,541.0333333333333,541.5999999999999,541.0333333333333,0.1047927261519382,0.1666666666666666,Lower,Short,Bearish,Below CPR,Cash Only,Short,70,Confirmed,CPR width: Narrow (20/20); Price location: Below CPR (20/20); Trend: unavailable (10/20); Participation: unavailable (10/20); Higher timeframe: unavailable (10/20),Narrow CPR,Not applicable,Not applicable,Narrow CPR; Wide CPR rules not applied
GMBREW,FMCG & Food Products,961.0,962.0166666666668,962.525,961.5083333333334,962.525,961.5083333333334,0.1057925771765506,0.15,Lower,Short,Bearish,Below CPR,Cash Only,Short,70,Confirmed,CPR width: Narrow (20/20); Price location: Below CPR (20/20); Trend: unavailable (10/20); Participation: unavailable (10/20); Higher timeframe: unavailable (10/20),Narrow CPR,Not applicable,Not applicable,Narrow CPR; Wide CPR rules not applied
ADANIPORTS,Services,1585.1,1586.8,1587.65,1585.9499999999998,1587.65,1585.9499999999998,0.1072487540218455,0.1666666666666666,Lower,Short,Bearish,Below CPR,Cash Only,Short,70,Confirmed,CPR width: Narrow (20/20); Price location: Below CPR (20/20); Trend: unavailable (10/20); Participation: unavailable (10/20); Higher timeframe: unavailable (10/20),Narrow CPR,Not applicable,Not applicable,Narrow CPR; Wide CPR rules not applied
WENDT,Diversified,7051.0,7058.833333333333,7062.75,7054.916666666666,7062.75,7054.916666666666,0.1110953529050338,0.1666666666666666,Lower,Short,Bearish,Below CPR,Cash Only,Short,70,Confirmed,CPR width: Narrow (20/20); Price location: Below CPR (20/20); Trend: unavailable (10/20); Participation: unavailable (10/20); Higher timeframe: unavailable (10/20),Narrow CPR,Not applicable,Not applicable,Narrow CPR; Wide CPR rules not applied
BLISSGVS,Diversified,262.68,262.9766666666667,263.125,262.8283333333334,263.125,262.8283333333334,0.1129384295213279,0.0333333333333333,Lower,Short,Bearish,Below CPR,Cash Only,Short,70,Confirmed,CPR width: Narrow (20/20); Price location: Below CPR (20/20); Trend: unavailable (10/20); Participation: unavailable (10/20); Higher timeframe: unavailable (10/20),Narrow CPR,Not applicable,Not applicable,Narrow CPR; Wide CPR rules not applied
KNAGRI,Diversified,199.73,199.95666666666668,200.07,199.84333333333336,200.07,199.84333333333336,0.1134865401625349,0.0666666666666666,Lower,Short,Bearish,Below CPR,Cash Only,Short,70,Confirmed,CPR width: Narrow (20/20); Price location: Below CPR (20/20); Trend: unavailable (10/20); Participation: unavailable (10/20); Higher timeframe: unavailable (10/20),Narrow CPR,Not applicable,Not applicable,Narrow CPR; Wide CPR rules not applied
MALLCOM,Diversified,1092.45,1091.1833333333334,1090.55,1091.8166666666668,1091.8166666666668,1090.55,0.1159473354997371,0.1333333333333333,Higher,Long,Bullish,Above CPR,Cash Only,Long,70,Confirmed,CPR width: Narrow (20/20); Price location: Above CPR (20/20); Trend: unavailable (10/20); Participation: unavailable (10/20); Higher timeframe: unavailable (10/20),Narrow CPR,Not applicable,Not applicable,Narrow CPR; Wide CPR rules not applied
VINEETLAB,Healthcare & Pharma,42.45,42.4,42.375,42.425,42.425,42.375,0.1177856301531146,0.1166666666666666,Higher,Long,Bullish,Above CPR,Cash Only,Long,70,Confirmed,CPR width: Narrow (20/20); Price location: Above CPR (20/20); Trend: unavailable (10/20); Participation: unavailable (10/20); Higher timeframe: unavailable (10/20),Narrow CPR,Not applicable,Not applicable,Narrow CPR; Wide CPR rules not applied
GRANULES,Healthcare,689.45,688.6333333333333,688.225,689.0416666666666,689.0416666666666,688.225,0.1184519061087252,0.15,Higher,Long,Bullish,Above CPR,Cash Only,Long,70,Confirmed,CPR width: Narrow (20/20); Price location: Above CPR (20/20); Trend: unavailable (10/20); Participation: unavailable (10/20); Higher timeframe: unavailable (10/20),Narrow CPR,Not applicable,Not applicable,Narrow CPR; Wide CPR rules not applied
ABDL,Fast Moving Consumer Goods,558.3,558.9666666666666,559.3,558.6333333333332,559.3,558.6333333333332,0.1194101140366725,0.1166666666666666,Lower,Short,Bearish,Below CPR,Cash Only,Short,70,Confirmed,CPR width: Narrow (20/20); Price location: Below CPR (20/20); Trend: unavailable (10/20); Participation: unavailable (10/20); Higher timeframe: unavailable (10/20),Narrow CPR,Not applicable,Not applicable,Narrow CPR; Wide CPR rules not applied
GOODLUCK,Diversified,1189.35,1190.7833333333333,1191.5,1190.0666666666666,1191.5,1190.0666666666666,0.1205140062499175,0.0666666666666666,Lower,Short,Bearish,Below CPR,Cash Only,Short,70,Confirmed,CPR width: Narrow (20/20); Price location: Below CPR (20/20); Trend: unavailable (10/20); Participation: unavailable (10/20); Higher timeframe: unavailable (10/20),Narrow CPR,Not applicable,Not applicable,Narrow CPR; Wide CPR rules not applied
PSB,Banking,24.84,24.87,24.885,24.855,24.885,24.855,0.1207729468599079,0.1166666666666666,Lower,Short,Bearish,Below CPR,Cash Only,Short,70,Confirmed,CPR width: Narrow (20/20); Price location: Below CPR (20/20); Trend: unavailable (10/20); Participation: unavailable (10/20); Higher timeframe: unavailable (10/20),Narrow CPR,Not applicable,Not applicable,Narrow CPR; Wide CPR rules not applied
MUFIN,Diversified,115.05,115.19,115.26,115.12,115.26,115.12,0.1216862233811514,0.1833333333333333,Lower,Short,Bearish,Below CPR,Cash Only,Short,70,Confirmed,CPR width: Narrow (20/20); Price location: Below CPR (20/20); Trend: unavailable (10/20); Participation: unavailable (10/20); Higher timeframe: unavailable (10/20),Narrow CPR,Not applicable,Not applicable,Narrow CPR; Wide CPR rules not applied
DOLATALGO,Diversified,77.56,77.65666666666667,77.705,77.60833333333333,77.705,77.60833333333333,0.1246346914216916,0.1833333333333333,Lower,Short,Bearish,Below CPR,Cash Only,Short,70,Confirmed,CPR width: Narrow (20/20); Price location: Below CPR (20/20); Trend: unavailable (10/20); Participation: unavailable (10/20); Higher timeframe: unavailable (10/20),Narrow CPR,Not applicable,Not applicable,Narrow CPR; Wide CPR rules not applied
LGHL,Diversified,265.51,265.8433333333333,266.01,265.6766666666666,266.01,265.6766666666666,0.1255445494833984,0.1333333333333333,Lower,Short,Bearish,Below CPR,Cash Only,Short,70,Confirmed,CPR width: Narrow (20/20); Price location: Below CPR (20/20); Trend: unavailable (10/20); Participation: unavailable (10/20); Higher timeframe: unavailable (10/20),Narrow CPR,Not applicable,Not applicable,Narrow CPR; Wide CPR rules not applied
RHL,Diversified,185.12,185.35333333333327,185.47,185.23666666666665,185.47,185.23666666666665,0.1260443676174095,0.15,Lower,Short,Bearish,Below CPR,Cash Only,Short,70,Confirmed,CPR width: Narrow (20/20); Price location: Below CPR (20/20); Trend: unavailable (10/20); Participation: unavailable (10/20); Higher timeframe: unavailable (10/20),Narrow CPR,Not applicable,Not applicable,Narrow CPR; Wide CPR rules not applied
KSCL,Diversified,937.15,938.35,938.95,937.75,938.95,937.75,0.1280478045136899,0.15,Lower,Short,Bearish,Below CPR,Cash Only,Short,70,Confirmed,CPR width: Narrow (20/20); Price location: Below CPR (20/20); Trend: unavailable (10/20); Participation: unavailable (10/20); Higher timeframe: unavailable (10/20),Narrow CPR,Not applicable,Not applicable,Narrow CPR; Wide CPR rules not applied
ANURAS,Chemicals,1341.0,1342.7666666666669,1343.65,1341.8833333333332,1343.65,1341.8833333333332,0.1317424807357851,0.1666666666666666,Lower,Short,Bearish,Below CPR,Cash Only,Short,70,Confirmed,CPR width: Narrow (20/20); Price location: Below CPR (20/20); Trend: unavailable (10/20); Participation: unavailable (10/20); Higher timeframe: unavailable (10/20),Narrow CPR,Not applicable,Not applicable,Narrow CPR; Wide CPR rules not applied
DEN,Diversified,27.79,27.826666666666664,27.845,27.80833333333333,27.845,27.80833333333333,0.1319419455439685,0.2,Lower,Short,Bearish,Below CPR,Cash Only,Short,70,Confirmed,CPR width: Narrow (20/20); Price location: Below CPR (20/20); Trend: unavailable (10/20); Participation: unavailable (10/20); Higher timeframe: unavailable (10/20),Narrow CPR,Not applicable,Not applicable,Narrow CPR; Wide CPR rules not applied
PETRONET,Oil Gas & Consumable Fuels,273.45,273.81666666666666,274.0,273.6333333333333,274.0,273.6333333333333,0.1340891083074325,0.1666666666666666,Lower,Short,Bearish,Below CPR,Cash Only,Short,70,Confirmed,CPR width: Narrow (20/20); Price location: Below CPR (20/20); Trend: unavailable (10/20); Participation: unavailable (10/20); Higher timeframe: unavailable (10/20),Narrow CPR,Not applicable,Not applicable,Narrow CPR; Wide CPR rules not applied
RGL,Diversified,101.9,102.03666666666668,102.105,101.96833333333336,102.105,101.96833333333336,0.1341184167484078,0.15,Lower,Short,Bearish,Below CPR,Cash Only,Short,70,Confirmed,CPR width: Narrow (20/20); Price location: Below CPR (20/20); Trend: unavailable (10/20); Participation: unavailable (10/20); Higher timeframe: unavailable (10/20),Narrow CPR,Not applicable,Not applicable,Narrow CPR; Wide CPR rules not applied
NAVNETEDUL,Diversified,143.29,143.48333333333332,143.57999999999998,143.38666666666666,143.57999999999998,143.38666666666666,0.1349245120617824,0.15,Lower,Short,Bearish,Below CPR,Cash Only,Short,70,Confirmed,CPR width: Narrow (20/20); Price location: Below CPR (20/20); Trend: unavailable (10/20); Participation: unavailable (10/20); Higher timeframe: unavailable (10/20),Narrow CPR,Not applicable,Not applicable,Narrow CPR; Wide CPR rules not applied
ECLERX,Services,1468.0,1470.0,1471.0,1469.0,1471.0,1469.0,0.1362397820163487,0.1,Lower,Short,Bearish,Below CPR,Cash Only,Short,70,Confirmed,CPR width: Narrow (20/20); Price location: Below CPR (20/20); Trend: unavailable (10/20); Participation: unavailable (10/20); Higher timeframe: unavailable (10/20),Narrow CPR,Not applicable,Not applicable,Narrow CPR; Wide CPR rules not applied
VSTTILLERS,Diversified,5180.2,5187.266666666666,5190.8,5183.733333333333,5190.8,5183.733333333333,0.1364168693615597,0.1666666666666666,Lower,Short,Bearish,Below CPR,Cash Only,Short,70,Confirmed,CPR width: Narrow (20/20); Price location: Below CPR (20/20); Trend: unavailable (10/20); Participation: unavailable (10/20); Higher timeframe: unavailable (10/20),Narrow CPR,Not applicable,Not applicable,Narrow CPR; Wide CPR rules not applied
KALPATARU,Diversified,325.1,325.55,325.775,325.32500000000005,325.775,325.32500000000005,0.138418948015974,0.0833333333333333,Lower,Short,Bearish,Below CPR,Cash Only,Short,70,Confirmed,CPR width: Narrow (20/20); Price location: Below CPR (20/20); Trend: unavailable (10/20); Participation: unavailable (10/20); Higher timeframe: unavailable (10/20),Narrow CPR,Not applicable,Not applicable,Narrow CPR; Wide CPR rules not applied
GHCLTEXTIL,Diversified,85.48,85.60000000000001,85.66,85.54000000000002,85.66,85.54000000000002,0.1403837154889753,0.0666666666666666,Lower,Short,Bearish,Below CPR,Cash Only,Short,70,Confirmed,CPR width: Narrow (20/20); Price location: Below CPR (20/20); Trend: unavailable (10/20); Participation: unavailable (10/20); Higher timeframe: unavailable (10/20),Narrow CPR,Not applicable,Not applicable,Narrow CPR; Wide CPR rules not applied
AUBANK,Financial Services,1065.65,1064.15,1063.4,1064.9,1064.9,1063.4,0.1407591610753999,0.2333333333333333,Higher,Long,Bullish,Above CPR,Cash Only,Long,70,Confirmed,CPR width: Narrow (20/20); Price location: Above CPR (20/20); Trend: unavailable (10/20); Participation: unavailable (10/20); Higher timeframe: unavailable (10/20),Narrow CPR,Not applicable,Not applicable,Narrow CPR; Wide CPR rules not applied
GANGESSECU,Diversified,125.89,126.07,126.16,125.98,126.16,125.98,0.1429819683851035,0.0833333333333333,Lower,Short,Bearish,Below CPR,Cash Only,Short,70,Confirmed,CPR width: Narrow (20/20); Price location: Below CPR (20/20); Trend: unavailable (10/20); Participation: unavailable (10/20); Higher timeframe: unavailable (10/20),Narrow CPR,Not applicable,Not applicable,Narrow CPR; Wide CPR rules not applied
FORTIS,Healthcare,929.3,927.9666666666666,927.3,928.6333333333332,928.6333333333332,927.3,0.1434771691954436,0.15,Higher,Long,Bullish,Above CPR,Cash Only,Long,70,Confirmed,CPR width: Narrow (20/20); Price location: Above CPR (20/20); Trend: unavailable (10/20); Participation: unavailable (10/20); Higher timeframe: unavailable (10/20),Narrow CPR,Not applicable,Not applicable,Narrow CPR; Wide CPR rules not applied
NSLNISP,Metals & Mining,40.96,41.02,41.05,40.99000000000001,41.05,40.99000000000001,0.1464843749999708,0.1666666666666666,Lower,Short,Bearish,Below CPR,Cash Only,Short,70,Confirmed,CPR width: Narrow (20/20); Price location: Below CPR (20/20); Trend: unavailable (10/20); Participation: unavailable (10/20); Higher timeframe: unavailable (10/20),Narrow CPR,Not applicable,Not applicable,Narrow CPR; Wide CPR rules not applied
PUNJABCHEM,Chemicals & Fertilizers,1035.4,1036.9333333333334,1037.7,1036.1666666666667,1037.7,1036.1666666666667,0.148090914944302,0.2,Lower,Short,Bearish,Below CPR,Cash Only,Short,70,Confirmed,CPR width: Narrow (20/20); Price location: Below CPR (20/20); Trend: unavailable (10/20); Participation: unavailable (10/20); Higher timeframe: unavailable (10/20),Narrow CPR,Not applicable,Not applicable,Narrow CPR; Wide CPR rules not applied
ASHOKLEY,Capital Goods,169.9,170.15666666666667,170.285,170.02833333333334,170.285,170.02833333333334,0.1510692564253446,0.1833333333333333,Lower,Short,Bearish,Below CPR,Cash Only,Short,70,Confirmed,CPR width: Narrow (20/20); Price location: Below CPR (20/20); Trend: unavailable (10/20); Participation: unavailable (10/20); Higher timeframe: unavailable (10/20),Narrow CPR,Not applicable,Not applicable,Narrow CPR; Wide CPR rules not applied
ANUHPHR,Diversified,81.12,81.24666666666667,81.31,81.18333333333334,81.31,81.18333333333334,0.156147271531885,0.2,Lower,Short,Bearish,Below CPR,Cash Only,Short,70,Confirmed,CPR width: Narrow (20/20); Price location: Below CPR (20/20); Trend: unavailable (10/20); Participation: unavailable (10/20); Higher timeframe: unavailable (10/20),Narrow CPR,Not applicable,Not applicable,Narrow CPR; Wide CPR rules not applied
APLAPOLLO,Capital Goods,2004.5,2007.6666666666667,2009.25,2006.0833333333333,2009.25,2006.0833333333333,0.1579778830963589,0.2166666666666666,Lower,Short,Bearish,Below CPR,Cash Only,Short,70,Confirmed,CPR width: Narrow (20/20); Price location: Below CPR (20/20); Trend: unavailable (10/20); Participation: unavailable (10/20); Higher timeframe: unavailable (10/20),Narrow CPR,Not applicable,Not applicable,Narrow CPR; Wide CPR rules not applied
BAJAJHFL,Financial Services,89.39,89.53333333333332,89.60499999999999,89.46166666666664,89.60499999999999,89.46166666666664,0.1603460491479417,0.25,Lower,Short,Bearish,Below CPR,Cash Only,Short,70,Confirmed,CPR width: Narrow (20/20); Price location: Below CPR (20/20); Trend: unavailable (10/20); Participation: unavailable (10/20); Higher timeframe: unavailable (10/20),Narrow CPR,Not applicable,Not applicable,Narrow CPR; Wide CPR rules not applied
PATANJALI,Fast Moving Consumer Goods,462.95,463.7,464.075,463.325,464.075,463.325,0.1620045361270115,0.2333333333333333,Lower,Short,Bearish,Below CPR,Cash Only,Short,70,Confirmed,CPR width: Narrow (20/20); Price location: Below CPR (20/20); Trend: unavailable (10/20); Participation: unavailable (10/20); Higher timeframe: unavailable (10/20),Narrow CPR,Not applicable,Not applicable,Narrow CPR; Wide CPR rules not applied
KARURVYSYA,Financial Services,295.45,295.95000000000005,296.20000000000005,295.70000000000005,296.20000000000005,295.70000000000005,0.1692333728211203,0.0833333333333333,Lower,Short,Bearish,Below CPR,Cash Only,Short,70,Confirmed,CPR width: Narrow (20/20); Price location: Below CPR (20/20); Trend: unavailable (10/20); Participation: unavailable (10/20); Higher timeframe: unavailable (10/20),Narrow CPR,Not applicable,Not applicable,Narrow CPR; Wide CPR rules not applied
INDIAGLYCO,Diversified,963.25,964.8833333333332,965.7,964.0666666666666,965.7,964.0666666666666,0.169564841249254,0.1833333333333333,Lower,Short,Bearish,Below CPR,Cash Only,Short,70,Confirmed,CPR width: Narrow (20/20); Price location: Below CPR (20/20); Trend: unavailable (10/20); Participation: unavailable (10/20); Higher timeframe: unavailable (10/20),Narrow CPR,Not applicable,Not applicable,Narrow CPR; Wide CPR rules not applied
BAJAJINDEF,Diversified,309.95,310.48,310.745,310.21500000000003,310.745,310.21500000000003,0.1709953218260922,0.1,Lower,Short,Bearish,Below CPR,Cash Only,Short,70,Confirmed,CPR width: Narrow (20/20); Price location: Below CPR (20/20); Trend: unavailable (10/20); Participation: unavailable (10/20); Higher timeframe: unavailable (10/20),Narrow CPR,Not applicable,Not applicable,Narrow CPR; Wide CPR rules not applied
WONDERLA,Diversified,525.9,526.8000000000001,527.25,526.3500000000001,527.25,526.3500000000001,0.1711351968054504,0.2,Lower,Short,Bearish,Below CPR,Cash Only,Short,70,Confirmed,CPR width: Narrow (20/20); Price location: Below CPR (20/20); Trend: unavailable (10/20); Participation: unavailable (10/20); Higher timeframe: unavailable (10/20),Narrow CPR,Not applicable,Not applicable,Narrow CPR; Wide CPR rules not applied
WABAG,Diversified,1493.3,1490.7333333333331,1489.45,1492.0166666666669,1492.0166666666669,1489.45,0.1718788365811696,0.1833333333333333,Higher,Long,Bullish,Above CPR,Cash Only,Long,70,Confirmed,CPR width: Narrow (20/20); Price location: Above CPR (20/20); Trend: unavailable (10/20); Participation: unavailable (10/20); Higher timeframe: unavailable (10/20),Narrow CPR,Not applicable,Not applicable,Narrow CPR; Wide CPR rules not applied
STALLION,Diversified,157.81,158.08666666666667,158.225,157.94833333333335,158.225,157.94833333333335,0.1753163086411776,0.15,Lower,Short,Bearish,Below CPR,Cash Only,Short,70,Confirmed,CPR width: Narrow (20/20); Price location: Below CPR (20/20); Trend: unavailable (10/20); Participation: unavailable (10/20); Higher timeframe: unavailable (10/20),Narrow CPR,Not applicable,Not applicable,Narrow CPR; Wide CPR rules not applied
AWFIS,Diversified,349.34,349.95666666666665,350.265,349.6483333333333,350.265,349.6483333333333,0.1765233487910557,0.0666666666666666,Lower,Short,Bearish,Below CPR,Cash Only,Short,70,Confirmed,CPR width: Narrow (20/20); Price location: Below CPR (20/20); Trend: unavailable (10/20); Participation: unavailable (10/20); Higher timeframe: unavailable (10/20),Narrow CPR,Not applicable,Not applicable,Narrow CPR; Wide CPR rules not applied
LLOYDSENGG,Diversified,57.43,57.53333333333333,57.585,57.48166666666666,57.585,57.48166666666666,0.1799291891578248,0.1833333333333333,Lower,Short,Bearish,Below CPR,Cash Only,Short,70,Confirmed,CPR width: Narrow (20/20); Price location: Below CPR (20/20); Trend: unavailable (10/20); Participation: unavailable (10/20); Higher timeframe: unavailable (10/20),Narrow CPR,Not applicable,Not applicable,Narrow CPR; Wide CPR rules not applied
RAMKY,Diversified,502.0,502.9166666666667,503.375,502.45833333333337,503.375,502.45833333333337,0.1826029216467388,0.2333333333333333,Lower,Short,Bearish,Below CPR,Cash Only,Short,70,Confirmed,CPR width: Narrow (20/20); Price location: Below CPR (20/20); Trend: unavailable (10/20); Participation: unavailable (10/20); Higher timeframe: unavailable (10/20),Narrow CPR,Not applicable,Not applicable,Narrow CPR; Wide CPR rules not applied
ABLBL,Consumer Services,105.16,105.35333333333332,105.45,105.25666666666665,105.45,105.25666666666665,0.1838468365665238,0.1166666666666666,Lower,Short,Bearish,Below CPR,Cash Only,Short,70,Confirmed,CPR width: Narrow (20/20); Price location: Below CPR (20/20); Trend: unavailable (10/20); Participation: unavailable (10/20); Higher timeframe: unavailable (10/20),Narrow CPR,Not applicable,Not applicable,Narrow CPR; Wide CPR rules not applied
RHETAN,Diversified,28.83,28.776666666666667,28.75,28.80333333333333,28.80333333333333,28.75,0.1849924846803141,0.2,Higher,Long,Bullish,Above CPR,Cash Only,Long,70,Confirmed,CPR width: Narrow (20/20); Price location: Above CPR (20/20); Trend: unavailable (10/20); Participation: unavailable (10/20); Higher timeframe: unavailable (10/20),Narrow CPR,Not applicable,Not applicable,Narrow CPR; Wide CPR rules not applied
ASTEC,Diversified,720.8,722.1666666666666,722.85,721.4833333333332,722.85,721.4833333333332,0.1896041435442269,0.1333333333333333,Lower,Short,Bearish,Below CPR,Cash Only,Short,70,Confirmed,CPR width: Narrow (20/20); Price location: Below CPR (20/20); Trend: unavailable (10/20); Participation: unavailable (10/20); Higher timeframe: unavailable (10/20),Narrow CPR,Not applicable,Not applicable,Narrow CPR; Wide CPR rules not applied
SRD,Diversified,43.88,43.96333333333333,44.005,43.92166666666667,44.005,43.92166666666667,0.1899118808872575,0.1,Lower,Short,Bearish,Below CPR,Cash Only,Short,70,Confirmed,CPR width: Narrow (20/20); Price location: Below CPR (20/20); Trend: unavailable (10/20); Participation: unavailable (10/20); Higher timeframe: unavailable (10/20),Narrow CPR,Not applicable,Not applicable,Narrow CPR; Wide CPR rules not applied
GANESHBE,Diversified,98.57,98.38,98.285,98.475,98.475,98.285,0.1927564167596609,0.1333333333333333,Higher,Long,Bullish,Above CPR,Cash Only,Long,70,Confirmed,CPR width: Narrow (20/20); Price location: Above CPR (20/20); Trend: unavailable (10/20); Participation: unavailable (10/20); Higher timeframe: unavailable (10/20),Narrow CPR,Not applicable,Not applicable,Narrow CPR; Wide CPR rules not applied
MAGADSUGAR,FMCG & Food Products,516.7,517.7,518.2,517.2,518.2,517.2,0.1935359009096187,0.2,Lower,Short,Bearish,Below CPR,Cash Only,Short,70,Confirmed,CPR width: Narrow (20/20); Price location: Below CPR (20/20); Trend: unavailable (10/20); Participation: unavailable (10/20); Higher timeframe: unavailable (10/20),Narrow CPR,Not applicable,Not applicable,Narrow CPR; Wide CPR rules not applied
ENRIN,Capital Goods,3205.1,3211.366666666667,3214.5,3208.2333333333336,3214.5,3208.2333333333336,0.1955217205911336,0.2333333333333333,Lower,Short,Bearish,Below CPR,Cash Only,Short,70,Confirmed,CPR width: Narrow (20/20); Price location: Below CPR (20/20); Trend: unavailable (10/20); Participation: unavailable (10/20); Higher timeframe: unavailable (10/20),Narrow CPR,Not applicable,Not applicable,Narrow CPR; Wide CPR rules not applied
UDS,Diversified,158.61,158.92333333333332,159.07999999999998,158.76666666666665,159.07999999999998,158.76666666666665,0.1975495450055687,0.1666666666666666,Lower,Short,Bearish,Below CPR,Cash Only,Short,70,Confirmed,CPR width: Narrow (20/20); Price location: Below CPR (20/20); Trend: unavailable (10/20); Participation: unavailable (10/20); Higher timeframe: unavailable (10/20),Narrow CPR,Not applicable,Not applicable,Narrow CPR; Wide CPR rules not applied
3MINDIA,Diversified,32635.0,32700.0,32732.5,32667.5,32732.5,32667.5,0.1991726673816454,0.25,Lower,Short,Bearish,Below CPR,Cash Only,Short,70,Confirmed,CPR width: Narrow (20/20); Price location: Below CPR (20/20); Trend: unavailable (10/20); Participation: unavailable (10/20); Higher timeframe: unavailable (10/20),Narrow CPR,Not applicable,Not applicable,Narrow CPR; Wide CPR rules not applied
SONAMLTD,Diversified,52.94,53.04666666666666,53.1,52.99333333333332,53.1,52.99333333333332,0.2014859589472673,0.1666666666666666,Lower,Short,Bearish,Below CPR,Cash Only,Short,70,Confirmed,CPR width: Narrow (20/20); Price location: Below CPR (20/20); Trend: unavailable (10/20); Participation: unavailable (10/20); Higher timeframe: unavailable (10/20),Narrow CPR,Not applicable,Not applicable,Narrow CPR; Wide CPR rules not applied
KRITIKA,Diversified,6.58,6.593333333333334,6.6,6.586666666666668,6.6,6.586666666666668,0.2026342451874143,0.2166666666666666,Lower,Short,Bearish,Below CPR,Cash Only,Short,70,Confirmed,CPR width: Narrow (20/20); Price location: Below CPR (20/20); Trend: unavailable (10/20); Participation: unavailable (10/20); Higher timeframe: unavailable (10/20),Narrow CPR,Not applicable,Not applicable,Narrow CPR; Wide CPR rules not applied
SPLPETRO,Chemicals,812.0,813.6666666666666,814.5,812.8333333333333,814.5,812.8333333333333,0.2052545155993525,0.2,Lower,Short,Bearish,Below CPR,Cash Only,Short,70,Confirmed,CPR width: Narrow (20/20); Price location: Below CPR (20/20); Trend: unavailable (10/20); Participation: unavailable (10/20); Higher timeframe: unavailable (10/20),Narrow CPR,Not applicable,Not applicable,Narrow CPR; Wide CPR rules not applied
SKFINDUS,Diversified,2263.2,2267.8666666666663,2270.2,2265.533333333333,2270.2,2265.533333333333,0.2061977141510679,0.2333333333333333,Lower,Short,Bearish,Below CPR,Cash Only,Short,70,Confirmed,CPR width: Narrow (20/20); Price location: Below CPR (20/20); Trend: unavailable (10/20); Participation: unavailable (10/20); Higher timeframe: unavailable (10/20),Narrow CPR,Not applicable,Not applicable,Narrow CPR; Wide CPR rules not applied
FISCHER,Diversified,37.13,37.20666666666667,37.245,37.168333333333344,37.245,37.168333333333344,0.2064817308555178,0.1,Lower,Short,Bearish,Below CPR,Cash Only,Short,70,Confirmed,CPR width: Narrow (20/20); Price location: Below CPR (20/20); Trend: unavailable (10/20); Participation: unavailable (10/20); Higher timeframe: unavailable (10/20),Narrow CPR,Not applicable,Not applicable,Narrow CPR; Wide CPR rules not applied
JPPOWER,Power,19.29,19.33,19.35,19.31,19.35,19.31,0.207361327112489,0.25,Lower,Short,Bearish,Below CPR,Cash Only,Short,70,Confirmed,CPR width: Narrow (20/20); Price location: Below CPR (20/20); Trend: unavailable (10/20); Participation: unavailable (10/20); Higher timeframe: unavailable (10/20),Narrow CPR,Not applicable,Not applicable,Narrow CPR; Wide CPR rules not applied
TEMBO,Diversified,605.4,606.6666666666666,607.3,606.0333333333333,607.3,606.0333333333333,0.2092280585838538,0.2166666666666666,Lower,Short,Bearish,Below CPR,Cash Only,Short,70,Confirmed,CPR width: Narrow (20/20); Price location: Below CPR (20/20); Trend: unavailable (10/20); Participation: unavailable (10/20); Higher timeframe: unavailable (10/20),Narrow CPR,Not applicable,Not applicable,Narrow CPR; Wide CPR rules not applied
PILITA,Diversified,7.95,7.966666666666666,7.975,7.958333333333332,7.975,7.958333333333332,0.2096436058700314,0.15,Lower,Short,Bearish,Below CPR,Cash Only,Short,70,Confirmed,CPR width: Narrow (20/20); Price location: Below CPR (20/20); Trend: unavailable (10/20); Participation: unavailable (10/20); Higher timeframe: unavailable (10/20),Narrow CPR,Not applicable,Not applicable,Narrow CPR; Wide CPR rules not applied
BHARATCOAL,Diversified,33.72,33.803333333333335,33.845,33.76166666666667,33.845,33.76166666666667,0.2471332542506779,0.2333333333333333,Lower,Short,Bearish,Below CPR,Cash Only,Short,70,Confirmed,CPR width: Narrow (20/20); Price location: Below CPR (20/20); Trend: unavailable (10/20); Participation: unavailable (10/20); Higher timeframe: unavailable (10/20),Narrow CPR,Not applicable,Not applicable,Narrow CPR; Wide CPR rules not applied
SPLIL,Diversified,33.46,33.54333333333333,33.585,33.50166666666666,33.585,33.50166666666666,0.2490535963339593,0.25,Lower,Short,Bearish,Below CPR,Cash Only,Short,70,Confirmed,CPR width: Narrow (20/20); Price location: Below CPR (20/20); Trend: unavailable (10/20); Participation: unavailable (10/20); Higher timeframe: unavailable (10/20),Narrow CPR,Not applicable,Not applicable,Narrow CPR; Wide CPR rules not applied
NAGREEKCAP,Diversified,35.56,35.63666666666666,35.675,35.59833333333333,35.675,35.59833333333333,0.2155980502437232,0.15,Lower,Short,Bearish,Below CPR,Cash Only,Short,70,Confirmed,CPR width: Narrow (20/20); Price location: Below CPR (20/20); Trend: unavailable (10/20); Participation: unavailable (10/20); Higher timeframe: unavailable (10/20),Narrow CPR,Not applicable,Not applicable,Narrow CPR; Wide CPR rules not applied
ENERGYDEV,Diversified,16.98,17.016666666666666,17.035,16.99833333333333,17.035,16.99833333333333,0.2159403219474019,0.0333333333333333,Lower,Short,Bearish,Below CPR,Cash Only,Short,70,Confirmed,CPR width: Narrow (20/20); Price location: Below CPR (20/20); Trend: unavailable (10/20); Participation: unavailable (10/20); Higher timeframe: unavailable (10/20),Narrow CPR,Not applicable,Not applicable,Narrow CPR; Wide CPR rules not applied
SPANDANA,Diversified,218.29,218.7633333333333,219.0,218.52666666666664,219.0,218.52666666666664,0.2168369294669282,0.1666666666666666,Lower,Short,Bearish,Below CPR,Cash Only,Short,70,Confirmed,CPR width: Narrow (20/20); Price location: Below CPR (20/20); Trend: unavailable (10/20); Participation: unavailable (10/20); Higher timeframe: unavailable (10/20),Narrow CPR,Not applicable,Not applicable,Narrow CPR; Wide CPR rules not applied
NORTHARC,Diversified,256.89,256.32666666666665,256.045,256.6083333333333,256.6083333333333,256.045,0.2192897089545236,0.2333333333333333,Higher,Long,Bullish,Above CPR,Cash Only,Long,70,Confirmed,CPR width: Narrow (20/20); Price location: Above CPR (20/20); Trend: unavailable (10/20); Participation: unavailable (10/20); Higher timeframe: unavailable (10/20),Narrow CPR,Not applicable,Not applicable,Narrow CPR; Wide CPR rules not applied
POONAWALLA,Financial Services,416.55,417.4666666666667,417.925,417.0083333333334,417.925,417.0083333333334,0.2200616172528217,0.2166666666666666,Lower,Short,Bearish,Below CPR,Cash Only,Short,70,Confirmed,CPR width: Narrow (20/20); Price location: Below CPR (20/20); Trend: unavailable (10/20); Participation: unavailable (10/20); Higher timeframe: unavailable (10/20),Narrow CPR,Not applicable,Not applicable,Narrow CPR; Wide CPR rules not applied
CENTEXT,Diversified,21.06,21.10666666666667,21.130000000000003,21.083333333333336,21.130000000000003,21.083333333333336,0.2215891104780002,0.15,Lower,Short,Bearish,Below CPR,Cash Only,Short,70,Confirmed,CPR width: Narrow (20/20); Price location: Below CPR (20/20); Trend: unavailable (10/20); Participation: unavailable (10/20); Higher timeframe: unavailable (10/20),Narrow CPR,Not applicable,Not applicable,Narrow CPR; Wide CPR rules not applied
PODDARMENT,Diversified,254.23,254.8166666666667,255.11,254.52333333333337,255.11,254.52333333333337,0.2307621707377747,0.2166666666666666,Lower,Short,Bearish,Below CPR,Cash Only,Short,70,Confirmed,CPR width: Narrow (20/20); Price location: Below CPR (20/20); Trend: unavailable (10/20); Participation: unavailable (10/20); Higher timeframe: unavailable (10/20),Narrow CPR,Not applicable,Not applicable,Narrow CPR; Wide CPR rules not applied
DBREALTY,Real Estate & Infra,103.72,103.96,104.08,103.84,104.08,103.84,0.2313922097956123,0.1333333333333333,Lower,Short,Bearish,Below CPR,Cash Only,Short,70,Confirmed,CPR width: Narrow (20/20); Price location: Below CPR (20/20); Trend: unavailable (10/20); Participation: unavailable (10/20); Higher timeframe: unavailable (10/20),Narrow CPR,Not applicable,Not applicable,Narrow CPR; Wide CPR rules not applied
GMDCLTD,Metals & Mining,669.85,671.4166666666666,672.2,670.6333333333332,672.2,670.6333333333332,0.233883207683337,0.1666666666666666,Lower,Short,Bearish,Below CPR,Cash Only,Short,70,Confirmed,CPR width: Narrow (20/20); Price location: Below CPR (20/20); Trend: unavailable (10/20); Participation: unavailable (10/20); Higher timeframe: unavailable (10/20),Narrow CPR,Not applicable,Not applicable,Narrow CPR; Wide CPR rules not applied
NDL,Diversified,2.84,2.8466666666666662,2.85,2.8433333333333324,2.85,2.8433333333333324,0.2347417840375953,0.1333333333333333,Lower,Short,Bearish,Below CPR,Cash Only,Short,70,Confirmed,CPR width: Narrow (20/20); Price location: Below CPR (20/20); Trend: unavailable (10/20); Participation: unavailable (10/20); Higher timeframe: unavailable (10/20),Narrow CPR,Not applicable,Not applicable,Narrow CPR; Wide CPR rules not applied
SHOPERSTOP,Diversified,296.4,297.1,297.45,296.74999999999994,297.45,296.74999999999994,0.2361673414305146,0.1666666666666666,Lower,Short,Bearish,Below CPR,Cash Only,Short,70,Confirmed,CPR width: Narrow (20/20); Price location: Below CPR (20/20); Trend: unavailable (10/20); Participation: unavailable (10/20); Higher timeframe: unavailable (10/20),Narrow CPR,Not applicable,Not applicable,Narrow CPR; Wide CPR rules not applied
EXXARO,Diversified,6.97,6.986666666666667,6.995,6.978333333333334,6.995,6.978333333333334,0.2391200382591925,0.2156862745098039,Lower,Short,Bearish,Below CPR,Cash Only,Short,70,Confirmed,CPR width: Narrow (20/20); Price location: Below CPR (20/20); Trend: unavailable (10/20); Participation: unavailable (10/20); Higher timeframe: unavailable (10/20),Narrow CPR,Not applicable,Not applicable,Narrow CPR; Wide CPR rules not applied
RELIGARE,Diversified,220.48,221.01,221.275,220.745,221.275,220.745,0.2403846153846288,0.1666666666666666,Lower,Short,Bearish,Below CPR,Cash Only,Short,70,Confirmed,CPR width: Narrow (20/20); Price location: Below CPR (20/20); Trend: unavailable (10/20); Participation: unavailable (10/20); Higher timeframe: unavailable (10/20),Narrow CPR,Not applicable,Not applicable,Narrow CPR; Wide CPR rules not applied
BIGBLOC,Diversified,47.31,47.42666666666667,47.485,47.36833333333334,47.485,47.36833333333334,0.2466004368350455,0.1666666666666666,Lower,Short,Bearish,Below CPR,Cash Only,Short,70,Confirmed,CPR width: Narrow (20/20); Price location: Below CPR (20/20); Trend: unavailable (10/20); Participation: unavailable (10/20); Higher timeframe: unavailable (10/20),Narrow CPR,Not applicable,Not applicable,Narrow CPR; Wide CPR rules not applied
BHARATFORG,Automobile and Auto Components,1856.0,1861.3666666666668,1864.05,1858.6833333333336,1864.05,1858.6833333333336,0.2891522988505567,0.2333333333333333,Lower,Short,Bearish,Below CPR,Cash Only,Short,62,Mixed,CPR width: 0.2892% (12/20); Price location: Below CPR (20/20); Trend: unavailable (10/20); Participation: unavailable (10/20); Higher timeframe: unavailable (10/20),Standard CPR,Not applicable,Not applicable,Standard CPR; Wide CPR rules not applied
BAJEL,Diversified,181.56,182.10333333333327,182.375,181.83166666666665,182.375,181.83166666666665,0.2992582800910722,0.1833333333333333,Lower,Short,Bearish,Below CPR,Cash Only,Short,62,Mixed,CPR width: 0.2993% (12/20); Price location: Below CPR (20/20); Trend: unavailable (10/20); Participation: unavailable (10/20); Higher timeframe: unavailable (10/20),Standard CPR,Not applicable,Not applicable,Standard CPR; Wide CPR rules not applied
IREDA,Financial Services,135.89,136.23,136.39999999999998,136.06,136.39999999999998,136.06,0.2502023695635992,0.2333333333333333,Lower,Short,Bearish,Below CPR,Cash Only,Short,62,Mixed,CPR width: 0.2502% (12/20); Price location: Below CPR (20/20); Trend: unavailable (10/20); Participation: unavailable (10/20); Higher timeframe: unavailable (10/20),Standard CPR,Not applicable,Not applicable,Standard CPR; Wide CPR rules not applied
ZYDUSWELL,Fast Moving Consumer Goods,490.85,492.0833333333333,492.7,491.4666666666666,492.7,491.4666666666666,0.2512648127398081,0.1666666666666666,Lower,Short,Bearish,Below CPR,Cash Only,Short,62,Mixed,CPR width: 0.2513% (12/20); Price location: Below CPR (20/20); Trend: unavailable (10/20); Participation: unavailable (10/20); Higher timeframe: unavailable (10/20),Standard CPR,Not applicable,Not applicable,Standard CPR; Wide CPR rules not applied
DLF,Realty,587.05,588.5333333333333,589.275,587.7916666666666,589.275,587.7916666666666,0.2526758084206368,0.2,Lower,Short,Bearish,Below CPR,Cash Only,Short,62,Mixed,CPR width: 0.2527% (12/20); Price location: Below CPR (20/20); Trend: unavailable (10/20); Participation: unavailable (10/20); Higher timeframe: unavailable (10/20),Standard CPR,Not applicable,Not applicable,Standard CPR; Wide CPR rules not applied
BBL,Diversified,3060.7,3052.933333333333,3049.05,3056.8166666666657,3056.8166666666657,3049.05,0.2537545877304379,0.15,Higher,Long,Bullish,Above CPR,Cash Only,Long,62,Mixed,CPR width: 0.2538% (12/20); Price location: Above CPR (20/20); Trend: unavailable (10/20); Participation: unavailable (10/20); Higher timeframe: unavailable (10/20),Standard CPR,Not applicable,Not applicable,Standard CPR; Wide CPR rules not applied
WORTHPERI,Diversified,139.31,138.95333333333335,138.775,139.1316666666667,139.1316666666667,138.775,0.2560237360323619,0.25,Higher,Long,Bullish,Above CPR,Cash Only,Long,62,Mixed,CPR width: 0.2560% (12/20); Price location: Above CPR (20/20); Trend: unavailable (10/20); Participation: unavailable (10/20); Higher timeframe: unavailable (10/20),Standard CPR,Not applicable,Not applicable,Standard CPR; Wide CPR rules not applied
MAITHANALL,Diversified,998.9,1001.4833333333336,1002.775,1000.1916666666668,1002.775,1000.1916666666668,0.2586178129275461,0.25,Lower,Short,Bearish,Below CPR,Cash Only,Short,62,Mixed,CPR width: 0.2586% (12/20); Price location: Below CPR (20/20); Trend: unavailable (10/20); Participation: unavailable (10/20); Higher timeframe: unavailable (10/20),Standard CPR,Not applicable,Not applicable,Standard CPR; Wide CPR rules not applied
SAMBHV,Diversified,118.14,118.44666666666666,118.6,118.29333333333332,118.6,118.29333333333332,0.2595790305287557,0.1833333333333333,Lower,Short,Bearish,Below CPR,Cash Only,Short,62,Mixed,CPR width: 0.2596% (12/20); Price location: Below CPR (20/20); Trend: unavailable (10/20); Participation: unavailable (10/20); Higher timeframe: unavailable (10/20),Standard CPR,Not applicable,Not applicable,Standard CPR; Wide CPR rules not applied
QPOWER,Power & Utilities,1396.4,1392.6333333333332,1390.75,1394.5166666666664,1394.5166666666664,1390.75,0.2697412393774294,0.2,Higher,Long,Bullish,Above CPR,Cash Only,Long,62,Mixed,CPR width: 0.2697% (12/20); Price location: Above CPR (20/20); Trend: unavailable (10/20); Participation: unavailable (10/20); Higher timeframe: unavailable (10/20),Standard CPR,Not applicable,Not applicable,Standard CPR; Wide CPR rules not applied
EBGNG,Diversified,384.25,383.2,382.675,383.725,383.725,382.675,0.2732595966168037,0.2166666666666666,Higher,Long,Bullish,Above CPR,Cash Only,Long,62,Mixed,CPR width: 0.2733% (12/20); Price location: Above CPR (20/20); Trend: unavailable (10/20); Participation: unavailable (10/20); Higher timeframe: unavailable (10/20),Standard CPR,Not applicable,Not applicable,Standard CPR; Wide CPR rules not applied
INFOMEDIA,Information Technology,5.95,5.966666666666666,5.975,5.958333333333332,5.975,5.958333333333332,0.2801120448179411,0.2,Lower,Short,Bearish,Below CPR,Cash Only,Short,62,Mixed,CPR width: 0.2801% (12/20); Price location: Below CPR (20/20); Trend: unavailable (10/20); Participation: unavailable (10/20); Higher timeframe: unavailable (10/20),Standard CPR,Not applicable,Not applicable,Standard CPR; Wide CPR rules not applied
GSFC,Diversified,172.22,172.70333333333335,172.945,172.4616666666667,172.945,172.4616666666667,0.2806487825649121,0.25,Lower,Short,Bearish,Below CPR,Cash Only,Short,62,Mixed,CPR width: 0.2806% (12/20); Price location: Below CPR (20/20); Trend: unavailable (10/20); Participation: unavailable (10/20); Higher timeframe: unavailable (10/20),Standard CPR,Not applicable,Not applicable,Standard CPR; Wide CPR rules not applied
LORDSCHLO,Diversified,148.96,149.38,149.59,149.17,149.59,149.17,0.2819548872180558,0.1833333333333333,Lower,Short,Bearish,Below CPR,Cash Only,Short,62,Mixed,CPR width: 0.2820% (12/20); Price location: Below CPR (20/20); Trend: unavailable (10/20); Participation: unavailable (10/20); Higher timeframe: unavailable (10/20),Standard CPR,Not applicable,Not applicable,Standard CPR; Wide CPR rules not applied
NELCAST,Diversified,128.8,129.17,129.355,128.985,129.355,128.985,0.2872670807453451,0.2166666666666666,Lower,Short,Bearish,Below CPR,Cash Only,Short,62,Mixed,CPR width: 0.2873% (12/20); Price location: Below CPR (20/20); Trend: unavailable (10/20); Participation: unavailable (10/20); Higher timeframe: unavailable (10/20),Standard CPR,Not applicable,Not applicable,Standard CPR; Wide CPR rules not applied
CUB,Financial Services,262.51,263.26666666666665,263.645,262.8883333333333,263.645,262.8883333333333,0.2882429875687252,0.25,Lower,Short,Bearish,Below CPR,Cash Only,Short,62,Mixed,CPR width: 0.2882% (12/20); Price location: Below CPR (20/20); Trend: unavailable (10/20); Participation: unavailable (10/20); Higher timeframe: unavailable (10/20),Standard CPR,Not applicable,Not applicable,Standard CPR; Wide CPR rules not applied
SIGMA,Diversified,44.36,44.52,44.6,44.440000000000005,44.6,44.440000000000005,0.3606853020739328,0.25,Lower,Short,Bearish,Below CPR,Cash Only,Short,62,Mixed,CPR width: 0.3607% (12/20); Price location: Below CPR (20/20); Trend: unavailable (10/20); Participation: unavailable (10/20); Higher timeframe: unavailable (10/20),Standard CPR,Not applicable,Not applicable,Standard CPR; Wide CPR rules not applied
LUMAXIND,Diversified,5173.6,5192.333333333333,5201.7,5182.966666666666,5201.7,5182.966666666666,0.3620947373846755,0.1833333333333333,Lower,Short,Bearish,Below CPR,Cash Only,Short,62,Mixed,CPR width: 0.3621% (12/20); Price location: Below CPR (20/20); Trend: unavailable (10/20); Participation: unavailable (10/20); Higher timeframe: unavailable (10/20),Standard CPR,Not applicable,Not applicable,Standard CPR; Wide CPR rules not applied
RISHABH,Diversified,489.45,490.95,491.7,490.2,491.7,490.2,0.3064664419246092,0.1166666666666666,Lower,Short,Bearish,Below CPR,Cash Only,Short,62,Mixed,CPR width: 0.3065% (12/20); Price location: Below CPR (20/20); Trend: unavailable (10/20); Participation: unavailable (10/20); Higher timeframe: unavailable (10/20),Standard CPR,Not applicable,Not applicable,Standard CPR; Wide CPR rules not applied
LINC,Diversified,97.41,97.71,97.86,97.56,97.86,97.56,0.3079765937788845,0.2333333333333333,Lower,Short,Bearish,Below CPR,Cash Only,Short,62,Mixed,CPR width: 0.3080% (12/20); Price location: Below CPR (20/20); Trend: unavailable (10/20); Participation: unavailable (10/20); Higher timeframe: unavailable (10/20),Standard CPR,Not applicable,Not applicable,Standard CPR; Wide CPR rules not applied
FORCEMOT,Automobile and Auto Components,20347.0,20410.0,20441.5,20378.5,20441.5,20378.5,0.3096279549810782,0.1666666666666666,Lower,Short,Bearish,Below CPR,Cash Only,Short,62,Mixed,CPR width: 0.3096% (12/20); Price location: Below CPR (20/20); Trend: unavailable (10/20); Participation: unavailable (10/20); Higher timeframe: unavailable (10/20),Standard CPR,Not applicable,Not applicable,Standard CPR; Wide CPR rules not applied
SANATHAN,Diversified,433.45,434.8,435.475,434.125,435.475,434.125,0.3114546083746736,0.2,Lower,Short,Bearish,Below CPR,Cash Only,Short,62,Mixed,CPR width: 0.3115% (12/20); Price location: Below CPR (20/20); Trend: unavailable (10/20); Participation: unavailable (10/20); Higher timeframe: unavailable (10/20),Standard CPR,Not applicable,Not applicable,Standard CPR; Wide CPR rules not applied
NEPHROPLUS,Diversified,533.55,535.2333333333333,536.075,534.3916666666667,536.075,534.3916666666667,0.3154968294130623,0.2333333333333333,Lower,Short,Bearish,Below CPR,Cash Only,Short,62,Mixed,CPR width: 0.3155% (12/20); Price location: Below CPR (20/20); Trend: unavailable (10/20); Participation: unavailable (10/20); Higher timeframe: unavailable (10/20),Standard CPR,Not applicable,Not applicable,Standard CPR; Wide CPR rules not applied
CEWATER,Diversified,327.3,328.35,328.875,327.82499999999993,328.875,327.82499999999993,0.3208065994500667,0.1,Lower,Short,Bearish,Below CPR,Cash Only,Short,62,Mixed,CPR width: 0.3208% (12/20); Price location: Below CPR (20/20); Trend: unavailable (10/20); Participation: unavailable (10/20); Higher timeframe: unavailable (10/20),Standard CPR,Not applicable,Not applicable,Standard CPR; Wide CPR rules not applied
BOROSCI,Diversified,114.44,114.81,114.995,114.625,114.995,114.625,0.3233135267389064,0.2333333333333333,Lower,Short,Bearish,Below CPR,Cash Only,Short,62,Mixed,CPR width: 0.3233% (12/20); Price location: Below CPR (20/20); Trend: unavailable (10/20); Participation: unavailable (10/20); Higher timeframe: unavailable (10/20),Standard CPR,Not applicable,Not applicable,Standard CPR; Wide CPR rules not applied
ROML,Diversified,43.05,43.19,43.26,43.12,43.26,43.12,0.3252032520325216,0.2,Lower,Short,Bearish,Below CPR,Cash Only,Short,62,Mixed,CPR width: 0.3252% (12/20); Price location: Below CPR (20/20); Trend: unavailable (10/20); Participation: unavailable (10/20); Higher timeframe: unavailable (10/20),Standard CPR,Not applicable,Not applicable,Standard CPR; Wide CPR rules not applied
SRGHFL,Diversified,279.38,280.33,280.805,279.855,280.805,279.855,0.3400386570262887,0.25,Lower,Short,Bearish,Below CPR,Cash Only,Short,62,Mixed,CPR width: 0.3400% (12/20); Price location: Below CPR (20/20); Trend: unavailable (10/20); Participation: unavailable (10/20); Higher timeframe: unavailable (10/20),Standard CPR,Not applicable,Not applicable,Standard CPR; Wide CPR rules not applied
EUROTEXIND,Diversified,15.56,15.506666666666668,15.48,15.533333333333337,15.533333333333337,15.48,0.3427592116538211,0.15625,Higher,Long,Bullish,Above CPR,Cash Only,Long,62,Mixed,CPR width: 0.3428% (12/20); Price location: Above CPR (20/20); Trend: unavailable (10/20); Participation: unavailable (10/20); Higher timeframe: unavailable (10/20),Standard CPR,Not applicable,Not applicable,Standard CPR; Wide CPR rules not applied
WIPL,Diversified,157.14,157.67999999999998,157.95,157.40999999999997,157.95,157.40999999999997,0.3436426116838618,0.2333333333333333,Lower,Short,Bearish,Below CPR,Cash Only,Short,62,Mixed,CPR width: 0.3436% (12/20); Price location: Below CPR (20/20); Trend: unavailable (10/20); Participation: unavailable (10/20); Higher timeframe: unavailable (10/20),Standard CPR,Not applicable,Not applicable,Standard CPR; Wide CPR rules not applied
GOCOLORS,Diversified,280.21,281.17333333333335,281.655,280.6916666666667,281.655,280.6916666666667,0.3437897767150541,0.25,Lower,Short,Bearish,Below CPR,Cash Only,Short,62,Mixed,CPR width: 0.3438% (12/20); Price location: Below CPR (20/20); Trend: unavailable (10/20); Participation: unavailable (10/20); Higher timeframe: unavailable (10/20),Standard CPR,Not applicable,Not applicable,Standard CPR; Wide CPR rules not applied
GANGAFORGE,Automobile & Ancillary,2.88,2.89,2.895,2.885,2.895,2.885,0.3472222222222148,0.2333333333333333,Lower,Short,Bearish,Below CPR,Cash Only,Short,62,Mixed,CPR width: 0.3472% (12/20); Price location: Below CPR (20/20); Trend: unavailable (10/20); Participation: unavailable (10/20); Higher timeframe: unavailable (10/20),Standard CPR,Not applicable,Not applicable,Standard CPR; Wide CPR rules not applied
HITECH,Information Technology,88.35,88.66000000000001,88.815,88.50500000000002,88.815,88.50500000000002,0.3508771929824266,0.2166666666666666,Lower,Short,Bearish,Below CPR,Cash Only,Short,62,Mixed,CPR width: 0.3509% (12/20); Price location: Below CPR (20/20); Trend: unavailable (10/20); Participation: unavailable (10/20); Higher timeframe: unavailable (10/20),Standard CPR,Not applicable,Not applicable,Standard CPR; Wide CPR rules not applied
ICIL,Diversified,263.29,264.33,264.85,263.80999999999995,264.85,263.80999999999995,0.39500170914204,0.25,Lower,Short,Bearish,Below CPR,Cash Only,Short,62,Mixed,CPR width: 0.3950% (12/20); Price location: Below CPR (20/20); Trend: unavailable (10/20); Participation: unavailable (10/20); Higher timeframe: unavailable (10/20),Standard CPR,Not applicable,Not applicable,Standard CPR; Wide CPR rules not applied
ROSSTECH,Information Technology,911.85,915.7,917.625,913.775,917.625,913.775,0.4222185666502316,0.2166666666666666,Lower,Short,Bearish,Below CPR,Cash Only,Short,62,Mixed,CPR width: 0.4222% (12/20); Price location: Below CPR (20/20); Trend: unavailable (10/20); Participation: unavailable (10/20); Higher timeframe: unavailable (10/20),Standard CPR,Not applicable,Not applicable,Standard CPR; Wide CPR rules not applied
NPST,Diversified,1212.6,1217.0333333333333,1219.25,1214.8166666666666,1219.25,1214.8166666666666,0.3656055857936165,0.2333333333333333,Lower,Short,Bearish,Below CPR,Cash Only,Short,62,Mixed,CPR width: 0.3656% (12/20); Price location: Below CPR (20/20); Trend: unavailable (10/20); Participation: unavailable (10/20); Higher timeframe: unavailable (10/20),Standard CPR,Not applicable,Not applicable,Standard CPR; Wide CPR rules not applied
ANGELONE,Financial Services,314.52,315.6766666666667,316.255,315.09833333333336,316.255,315.09833333333336,0.3677561575310435,0.25,Lower,Short,Bearish,Below CPR,Cash Only,Short,62,Mixed,CPR width: 0.3678% (12/20); Price location: Below CPR (20/20); Trend: unavailable (10/20); Participation: unavailable (10/20); Higher timeframe: unavailable (10/20),Standard CPR,Not applicable,Not applicable,Standard CPR; Wide CPR rules not applied
EFCIL,Diversified,203.66,204.41333333333333,204.79,204.03666666666663,204.79,204.03666666666663,0.3698975416544177,0.2333333333333333,Lower,Short,Bearish,Below CPR,Cash Only,Short,62,Mixed,CPR width: 0.3699% (12/20); Price location: Below CPR (20/20); Trend: unavailable (10/20); Participation: unavailable (10/20); Higher timeframe: unavailable (10/20),Standard CPR,Not applicable,Not applicable,Standard CPR; Wide CPR rules not applied
MOSCHIP,Diversified,195.91,196.67,197.05,196.29,197.05,196.29,0.3879332346485875,0.2166666666666666,Lower,Short,Bearish,Below CPR,Cash Only,Short,62,Mixed,CPR width: 0.3879% (12/20); Price location: Below CPR (20/20); Trend: unavailable (10/20); Participation: unavailable (10/20); Higher timeframe: unavailable (10/20),Standard CPR,Not applicable,Not applicable,Standard CPR; Wide CPR rules not applied
AMBICAAGAR,Diversified,23.92,23.826666666666668,23.78,23.87333333333333,23.87333333333333,23.78,0.3901895206243048,0.2,Higher,Long,Bullish,Above CPR,Cash Only,Long,62,Mixed,CPR width: 0.3902% (12/20); Price location: Above CPR (20/20); Trend: unavailable (10/20); Participation: unavailable (10/20); Higher timeframe: unavailable (10/20),Standard CPR,Not applicable,Not applicable,Standard CPR; Wide CPR rules not applied
THANGAMAYL,Diversified,3799.3,3814.3000000000006,3821.8,3806.800000000001,3821.8,3806.800000000001,0.3948095701839573,0.2333333333333333,Lower,Short,Bearish,Below CPR,Cash Only,Short,62,Mixed,CPR width: 0.3948% (12/20); Price location: Below CPR (20/20); Trend: unavailable (10/20); Participation: unavailable (10/20); Higher timeframe: unavailable (10/20),Standard CPR,Not applicable,Not applicable,Standard CPR; Wide CPR rules not applied
ZENITHEXPO,Diversified,218.02,219.0133333333333,219.51,218.51666666666665,219.51,218.51666666666665,0.4556156927499034,0.15,Lower,Short,Bearish,Below CPR,Cash Only,Short,62,Mixed,CPR width: 0.4556% (12/20); Price location: Below CPR (20/20); Trend: unavailable (10/20); Participation: unavailable (10/20); Higher timeframe: unavailable (10/20),Standard CPR,Not applicable,Not applicable,Standard CPR; Wide CPR rules not applied
ONWARDTEC,Diversified,236.72,237.96666666666667,238.59,237.34333333333333,238.59,237.34333333333333,0.5266418835192083,0.25,Lower,Short,Bearish,Below CPR,Cash Only,Short,62,Mixed,CPR width: 0.5266% (12/20); Price location: Below CPR (20/20); Trend: unavailable (10/20); Participation: unavailable (10/20); Higher timeframe: unavailable (10/20),Standard CPR,Not applicable,Not applicable,Standard CPR; Wide CPR rules not applied
GCSL,Diversified,339.3,340.81666666666666,341.575,340.05833333333334,341.575,340.05833333333334,0.4469987228607874,0.21875,Lower,Short,Bearish,Below CPR,Cash Only,Short,62,Mixed,CPR width: 0.4470% (12/20); Price location: Below CPR (20/20); Trend: unavailable (10/20); Participation: unavailable (10/20); Higher timeframe: unavailable (10/20),Standard CPR,Not applicable,Not applicable,Standard CPR; Wide CPR rules not applied
ISHANCH,Diversified,61.88,62.156666666666666,62.295,62.01833333333333,62.295,62.01833333333333,0.4471019176901597,0.2333333333333333,Lower,Short,Bearish,Below CPR,Cash Only,Short,62,Mixed,CPR width: 0.4471% (12/20); Price location: Below CPR (20/20); Trend: unavailable (10/20); Participation: unavailable (10/20); Higher timeframe: unavailable (10/20),Standard CPR,Not applicable,Not applicable,Standard CPR; Wide CPR rules not applied
BEARDSELL,Diversified,25.45,25.60333333333333,25.68,25.52666666666667,25.68,25.52666666666667,0.6024885396201528,0.25,Lower,Short,Bearish,Below CPR,Cash Only,Short,62,Mixed,CPR width: 0.6025% (12/20); Price location: Below CPR (20/20); Trend: unavailable (10/20); Participation: unavailable (10/20); Higher timeframe: unavailable (10/20),Standard CPR,Not applicable,Not applicable,Standard CPR; Wide CPR rules not applied
RETAIL,Consumer & Retail,19.98,20.11666666666667,20.185,20.04833333333334,20.185,20.04833333333334,0.6840173506839997,0.2333333333333333,Lower,Short,Bearish,Below CPR,Cash Only,Short,62,Mixed,CPR width: 0.6840% (12/20); Price location: Below CPR (20/20); Trend: unavailable (10/20); Participation: unavailable (10/20); Higher timeframe: unavailable (10/20),Standard CPR,Not applicable,Not applicable,Standard CPR; Wide CPR rules not applied
SUNDARAM,Diversified,1.44,1.4400000000000002,1.44,1.4400000000000004,1.4400000000000004,1.44,3.0839528461809903e-14,0.0166666666666666,Inside,Watch,Bullish,Inside CPR,Cash Only,Neutral,0,Not applicable,No directional setup; confirmation score not applicable.,Narrow CPR,Not applicable,Not applicable,Narrow CPR; Wide CPR rules not applied
HNDFDS,Diversified,486.6,486.6000000000001,486.6,486.60000000000014,486.60000000000014,486.6,2.3363509601647356e-14,0.0166666666666666,Lower,Watch,Bullish,Inside CPR,Cash Only,Neutral,0,Not applicable,No directional setup; confirmation score not applicable.,Narrow CPR,Not applicable,Not applicable,Narrow CPR; Wide CPR rules not applied
