SYMBOL,Industry,CLOSE,CPR_Top,CPR_Bottom,CPR_Width_Pct,Width_Rank_Pct,Overlay,Setup,Bias,Segment,Signal_Direction,Signal_Score,Signal_Grade,Signal_Explanation,Strategy_Type,Strategy_Setup,Strategy_Confirmation,Strategy_Explanation
VIKRAMSOLR,Diversified,167.1,167.10500000000002,167.1016666666667,0.0019948134849373,0.0166666666666666,Lower,Short,Bearish,Cash Only,Short,70,Confirmed,CPR width: Narrow (20/20); Price location: Below CPR (20/20); Trend: unavailable (10/20); Participation: unavailable (10/20); Higher timeframe: unavailable (10/20),Narrow CPR,Not applicable,Not applicable,Narrow CPR; Wide CPR rules not applied
ADANIGREEN,Power,903.55,903.6,903.5666666666668,0.0036891520483983,0.0166666666666666,Lower,Short,Bearish,Cash Only,Short,70,Confirmed,CPR width: Narrow (20/20); Price location: Below CPR (20/20); Trend: unavailable (10/20); Participation: unavailable (10/20); Higher timeframe: unavailable (10/20),Narrow CPR,Not applicable,Not applicable,Narrow CPR; Wide CPR rules not applied
INDHOTEL,Consumer Services,651.0,651.175,651.0583333333334,0.0179211469533887,0.0333333333333333,Lower,Short,Bearish,Cash Only,Short,70,Confirmed,CPR width: Narrow (20/20); Price location: Below CPR (20/20); Trend: unavailable (10/20); Participation: unavailable (10/20); Higher timeframe: unavailable (10/20),Narrow CPR,Not applicable,Not applicable,Narrow CPR; Wide CPR rules not applied
HDFCBANK,Financial Services,879.4,879.65,879.4833333333332,0.0189523159730205,0.0666666666666666,Lower,Short,Bearish,Cash Only,Short,70,Confirmed,CPR width: Narrow (20/20); Price location: Below CPR (20/20); Trend: unavailable (10/20); Participation: unavailable (10/20); Higher timeframe: unavailable (10/20),Narrow CPR,Not applicable,Not applicable,Narrow CPR; Wide CPR rules not applied
NLCINDIA,Power,252.45,252.525,252.475,0.0198059021588478,0.0666666666666666,Lower,Short,Bearish,Cash Only,Short,70,Confirmed,CPR width: Narrow (20/20); Price location: Below CPR (20/20); Trend: unavailable (10/20); Participation: unavailable (10/20); Higher timeframe: unavailable (10/20),Narrow CPR,Not applicable,Not applicable,Narrow CPR; Wide CPR rules not applied
MARATHON,Diversified,419.8,419.925,419.8416666666668,0.0198507225662833,0.0333333333333333,Lower,Short,Bearish,Cash Only,Short,70,Confirmed,CPR width: Narrow (20/20); Price location: Below CPR (20/20); Trend: unavailable (10/20); Participation: unavailable (10/20); Higher timeframe: unavailable (10/20),Narrow CPR,Not applicable,Not applicable,Narrow CPR; Wide CPR rules not applied
APLAPOLLO,Capital Goods,2222.3,2223.0,2222.5333333333338,0.020999265025705,0.0666666666666666,Lower,Short,Bearish,Cash Only,Short,70,Confirmed,CPR width: Narrow (20/20); Price location: Below CPR (20/20); Trend: unavailable (10/20); Participation: unavailable (10/20); Higher timeframe: unavailable (10/20),Narrow CPR,Not applicable,Not applicable,Narrow CPR; Wide CPR rules not applied
PRIVISCL,Diversified,2976.5,2977.45,2976.8166666666666,0.0212777871101364,0.0333333333333333,Lower,Short,Bearish,Cash Only,Short,70,Confirmed,CPR width: Narrow (20/20); Price location: Below CPR (20/20); Trend: unavailable (10/20); Participation: unavailable (10/20); Higher timeframe: unavailable (10/20),Narrow CPR,Not applicable,Not applicable,Narrow CPR; Wide CPR rules not applied
TEAMLEASE,FMCG & Food Products,1195.2,1195.65,1195.35,0.0251004016064409,0.0333333333333333,Lower,Short,Bearish,Cash Only,Short,70,Confirmed,CPR width: Narrow (20/20); Price location: Below CPR (20/20); Trend: unavailable (10/20); Participation: unavailable (10/20); Higher timeframe: unavailable (10/20),Narrow CPR,Not applicable,Not applicable,Narrow CPR; Wide CPR rules not applied
INOXWIND,Capital Goods,89.19,89.225,89.20166666666665,0.0261613783309121,0.0333333333333333,Lower,Short,Bearish,Cash Only,Short,70,Confirmed,CPR width: Narrow (20/20); Price location: Below CPR (20/20); Trend: unavailable (10/20); Participation: unavailable (10/20); Higher timeframe: unavailable (10/20),Narrow CPR,Not applicable,Not applicable,Narrow CPR; Wide CPR rules not applied
MARINE,Diversified,187.16,187.235,187.185,0.0267151100662595,0.0333333333333333,Lower,Short,Bearish,Cash Only,Short,70,Confirmed,CPR width: Narrow (20/20); Price location: Below CPR (20/20); Trend: unavailable (10/20); Participation: unavailable (10/20); Higher timeframe: unavailable (10/20),Narrow CPR,Not applicable,Not applicable,Narrow CPR; Wide CPR rules not applied
AARTIIND,Chemicals,432.95,433.125,433.0083333333333,0.0269469145782825,0.0666666666666666,Lower,Short,Bearish,Cash Only,Short,70,Confirmed,CPR width: Narrow (20/20); Price location: Below CPR (20/20); Trend: unavailable (10/20); Participation: unavailable (10/20); Higher timeframe: unavailable (10/20),Narrow CPR,Not applicable,Not applicable,Narrow CPR; Wide CPR rules not applied
INDIASHLTR,Diversified,727.15,727.45,727.25,0.0275046414082438,0.0666666666666666,Lower,Short,Bearish,Cash Only,Short,70,Confirmed,CPR width: Narrow (20/20); Price location: Below CPR (20/20); Trend: unavailable (10/20); Participation: unavailable (10/20); Higher timeframe: unavailable (10/20),Narrow CPR,Not applicable,Not applicable,Narrow CPR; Wide CPR rules not applied
MARICO,Fast Moving Consumer Goods,779.15,779.5,779.2666666666667,0.029947164645235,0.1166666666666666,Lower,Short,Bearish,Cash Only,Short,70,Confirmed,CPR width: Narrow (20/20); Price location: Below CPR (20/20); Trend: unavailable (10/20); Participation: unavailable (10/20); Higher timeframe: unavailable (10/20),Narrow CPR,Not applicable,Not applicable,Narrow CPR; Wide CPR rules not applied
TRAVELFOOD,Consumer Services,1176.5,1177.05,1176.6833333333332,0.0311658875194889,0.0666666666666666,Lower,Short,Bearish,Cash Only,Short,70,Confirmed,CPR width: Narrow (20/20); Price location: Below CPR (20/20); Trend: unavailable (10/20); Participation: unavailable (10/20); Higher timeframe: unavailable (10/20),Narrow CPR,Not applicable,Not applicable,Narrow CPR; Wide CPR rules not applied
COFORGE,Information Technology,1162.7,1163.25,1162.8833333333332,0.0315357931252075,0.05,Lower,Short,Bearish,Cash Only,Short,70,Confirmed,CPR width: Narrow (20/20); Price location: Below CPR (20/20); Trend: unavailable (10/20); Participation: unavailable (10/20); Higher timeframe: unavailable (10/20),Narrow CPR,Not applicable,Not applicable,Narrow CPR; Wide CPR rules not applied
JKIL,Diversified,510.9,511.15,510.9833333333332,0.032622170026765,0.05,Lower,Short,Bearish,Cash Only,Short,70,Confirmed,CPR width: Narrow (20/20); Price location: Below CPR (20/20); Trend: unavailable (10/20); Participation: unavailable (10/20); Higher timeframe: unavailable (10/20),Narrow CPR,Not applicable,Not applicable,Narrow CPR; Wide CPR rules not applied
PCBL,Chemicals,295.05,295.2,295.1000000000001,0.0338925605829212,0.05,Lower,Short,Bearish,Cash Only,Short,70,Confirmed,CPR width: Narrow (20/20); Price location: Below CPR (20/20); Trend: unavailable (10/20); Participation: unavailable (10/20); Higher timeframe: unavailable (10/20),Narrow CPR,Not applicable,Not applicable,Narrow CPR; Wide CPR rules not applied
AAVAS,Financial Services,1240.1,1240.75,1240.3166666666666,0.0349434185415203,0.05,Lower,Short,Bearish,Cash Only,Short,70,Confirmed,CPR width: Narrow (20/20); Price location: Below CPR (20/20); Trend: unavailable (10/20); Participation: unavailable (10/20); Higher timeframe: unavailable (10/20),Narrow CPR,Not applicable,Not applicable,Narrow CPR; Wide CPR rules not applied
GREENPLY,Diversified,209.71,209.82,209.74666666666667,0.0349689253413397,0.1,Lower,Short,Bearish,Cash Only,Short,70,Confirmed,CPR width: Narrow (20/20); Price location: Below CPR (20/20); Trend: unavailable (10/20); Participation: unavailable (10/20); Higher timeframe: unavailable (10/20),Narrow CPR,Not applicable,Not applicable,Narrow CPR; Wide CPR rules not applied
PRAKASH,Diversified,129.57,129.64,129.5933333333333,0.0360165676211168,0.0333333333333333,Lower,Short,Bearish,Cash Only,Short,70,Confirmed,CPR width: Narrow (20/20); Price location: Below CPR (20/20); Trend: unavailable (10/20); Participation: unavailable (10/20); Higher timeframe: unavailable (10/20),Narrow CPR,Not applicable,Not applicable,Narrow CPR; Wide CPR rules not applied
LICHSGFIN,Financial Services,527.95,528.25,528.05,0.0378823752249352,0.1,Lower,Short,Bearish,Cash Only,Short,70,Confirmed,CPR width: Narrow (20/20); Price location: Below CPR (20/20); Trend: unavailable (10/20); Participation: unavailable (10/20); Higher timeframe: unavailable (10/20),Narrow CPR,Not applicable,Not applicable,Narrow CPR; Wide CPR rules not applied
KERNEX,Diversified,1049.4,1050.0,1049.6,0.0381170192491033,0.0166666666666666,Lower,Short,Bearish,Cash Only,Short,70,Confirmed,CPR width: Narrow (20/20); Price location: Below CPR (20/20); Trend: unavailable (10/20); Participation: unavailable (10/20); Higher timeframe: unavailable (10/20),Narrow CPR,Not applicable,Not applicable,Narrow CPR; Wide CPR rules not applied
WEWORK,Diversified,479.75,480.025,479.8416666666667,0.0382143477505534,0.0833333333333333,Lower,Short,Bearish,Cash Only,Short,70,Confirmed,CPR width: Narrow (20/20); Price location: Below CPR (20/20); Trend: unavailable (10/20); Participation: unavailable (10/20); Higher timeframe: unavailable (10/20),Narrow CPR,Not applicable,Not applicable,Narrow CPR; Wide CPR rules not applied
ASHAPURMIN,Diversified,522.15,522.45,522.25,0.038303169587292,0.0333333333333333,Lower,Short,Bearish,Cash Only,Short,70,Confirmed,CPR width: Narrow (20/20); Price location: Below CPR (20/20); Trend: unavailable (10/20); Participation: unavailable (10/20); Higher timeframe: unavailable (10/20),Narrow CPR,Not applicable,Not applicable,Narrow CPR; Wide CPR rules not applied
