Symbol,Sector
360ONE,Financial Services
3MINDIA,Diversified
5PAISA,Stock Broking
AADHARHFC,Financial Services
AARTIIND,Specialty Chemicals
AAVAS,Financial Services
ABB,Capital Goods & Engineering
ABBOTINDIA,Healthcare & Pharma
ABCAPITAL,Financial Services
ABFRL,Retail & Apparel
ABLBL,Retail & Apparel
ABREL,Real Estate
ABSLAMC,Asset Management
ACC,Cement & Building Materials
ACE,Capital Goods & Engineering
ACMESOLAR,Power & Utilities
ACUTAAS,Healthcare & Pharma
ADANIENSOL,Power & Utilities
ADANIENT,Metals & Mining
ADANIGREEN,Power & Utilities
ADANIPORTS,Logistics & Ports
ADANIPOWER,Power & Utilities
AEGISLOG,Energy & Gas
AEGISVOPAK,Energy & Gas
AIAENG,Capital Goods & Engineering
AJANTPHARM,Healthcare & Pharma
ALKEM,Healthcare & Pharma
ALKYLAMINE,Specialty Chemicals
ALLCARGO,Logistics
AMARAJABAT,Auto Ancillary
AMBER,Electronics Manufacturing
AMBUJACEM,Cement & Building Materials
ANGELONE,Stock Broking
APLAPOLLO,Metals & Mining
APOLLOHOSP,Healthcare & Hospitals
APOLLOTYRE,Auto Ancillary
ASHOKLEY,Automobile
ASTRAL,Building Materials & Pipes
ATGL,Energy & Gas
ATUL,Specialty Chemicals
AUBANK,Banking
AUROPHARMA,Healthcare & Pharma
AWL,FMCG
AXISBANK,Banking
BAJAJ-AUTO,Automobile
BAJAJFINSV,Financial Services
BAJFINANCE,Financial Services
BALAMINES,Specialty Chemicals
BALKRISIND,Auto Ancillary
BANDHANBNK,Banking
BANKBARODA,Banking
BATAINDIA,Footwear
BAYERCROP,Agrochemicals
BDL,Aerospace & Defense
BEL,Aerospace & Defense
BHARATFORG,Auto Ancillary
BHARTIARTL,Telecommunications
BHEL,Capital Goods & Heavy Electricals
BIKAJI,FMCG
BIOCON,Healthcare & Pharma
BLUEDART,Logistics & Express
BLUESTARCO,Consumer Electricals
BOSCHLTD,Auto Ancillary
BPCL,Energy & Oil
BRIGADE,Real Estate
BRITANNIA,FMCG
BSE,Financial Exchanges
BSOFT,Information Technology
CAMPUS,Footwear
CAMS,Financial Technology
CANBK,Banking
CDSL,Financial Infrastructure
CEATLTD,Auto Ancillary
CENTRALBK,Banking
CERA,Ceramics & Sanitaryware
CESC,Power & Utilities
CHENNPETRO,Energy & Oil
CHOLAFIN,Financial Services
CIPLA,Healthcare & Pharma
CLEAN,Specialty Chemicals
COALINDIA,Metals & Mining
COCHINSHIP,Defense & Shipbuilding
COFORGE,Information Technology
COLPAL,FMCG
COROMANDEL,Fertilizers & Agrochem
CPPLUS,Capital Goods & Engineering
CRAFTSMAN,Auto Ancillary
CROMPTON,Consumer Electricals
CUB,Banking
CYIENT,Information Technology
DABUR,FMCG
DALBHARAT,Cement & Building Materials
DATAPATTNS,Aerospace & Defense
DEEPAKNTR,Specialty Chemicals
DELHIVERY,Logistics & Supply Chain
DIVISLAB,Healthcare & Pharma
DIXON,Electronics Manufacturing
DLF,Real Estate
DMART,Retail & Supermarkets
DRREDDY,Healthcare & Pharma
ECLERX,Services
EICHERMOT,Automobile
EMAMILTD,FMCG
EXIDEIND,Auto Ancillary
FEDERALBNK,Banking
FINEORG,Specialty Chemicals
FINPIPE,Building Materials & Pipes
FLUOROCHEM,Specialty Chemicals
FORTIS,Healthcare & Hospitals
GABRIEL,Auto Ancillary
GAIL,Energy & Gas
GEOJITFSL,Stock Broking
GICRE,Insurance
GLENMARK,Healthcare & Pharma
GODREJCP,FMCG
GODREJPROP,Real Estate
GRANULES,Healthcare & Pharma
GRINFRA,Infrastructure
GRSE,Defense & Shipbuilding
GUJALKALI,Chemicals
GUJGASLTD,Energy & Gas
HAL,Aerospace & Defense
HAPPSTMNDS,Information Technology
HAVELLS,Consumer Electricals
HCLTECH,Information Technology
HDFCAMC,Asset Management
HDFCBANK,Banking
HDFCLIFE,Insurance
HEIDELBERG,Cement & Building Materials
HEROMOTOCO,Automobile
HFCL,Telecom Equipment
HINDALCO,Metals & Mining
HINDUNILVR,FMCG
HINDZINC,Metals & Mining
HPCL,Energy & Oil
ICICIBANK,Banking
ICICIGI,Insurance
ICICIPRULI,Insurance
IDEA,Telecommunications
IDFCFIRSTB,Banking
IEX,Financial Exchanges
IGL,Energy & Gas
INDUSINDBK,Banking
INDUSTOWER,Telecom Infrastructure
INFY,Information Technology
IOB,Banking
IOC,Energy & Oil
IPCALAB,Healthcare & Pharma
IRCON,Railway Infrastructure
IREDA,Power & Utilities
IRFC,Railway Finance
ITC,FMCG
JINDALSTEL,Metals & Mining
JKBANK,Banking
JKCEMENT,Cement & Building Materials
JSL,Metals & Mining
JSWENERGY,Power & Utilities
JSWSTEEL,Metals & Mining
JWL,Railway Wagons
KAJARIACER,Ceramics & Sanitaryware
KALYANKJIL,Consumer Jewelry
KARURVYSYA,Banking
KAYNES,Electronics Manufacturing
KEI,Capital Goods & Cables
KFINTECH,Financial Technology
KIMS,Healthcare & Hospitals
KNRCON,Infrastructure
KOTAKBANK,Banking
KPITTECH,Information Technology
LATENTVIEW,Information Technology
LAURUSLABS,Healthcare & Pharma
LODHA,Real Estate
LT,Infrastructure & Capital Goods
LTIM,Information Technology
LTTS,Information Technology
LUPIN,Healthcare & Pharma
M&M,Automobile
M&MFIN,Financial Services
MAHABANK,Banking
MANAPPURAM,Financial Services
MANKIND,Healthcare & Pharma
MARICO,FMCG
MARUTI,Automobile
MASTEK,Information Technology
MAXHEALTH,Healthcare & Hospitals
MAZDOCK,Defense & Shipbuilding
MCDOWELL-N,Beverages & Distilleries
MCX,Financial Exchanges
MEDANTA,Healthcare & Hospitals
METROBRAND,Footwear
MGL,Energy & Gas
MOTHERSON,Auto Ancillary
MOTILALOFS,Financial Services
MPHASIS,Information Technology
MRF,Auto Ancillary
MRPL,Energy & Oil
MUTHOOTFIN,Financial Services
NAM-INDIA,Asset Management
NATCOPHARM,Healthcare & Pharma
NATIONALUM,Metals & Mining
NAVINFLUOR,Specialty Chemicals
NAZARA,Gaming & Tech
NESTLEIND,FMCG
NETWORK18,Media & Entertainment
NH,Healthcare & Hospitals
NHPC,Power & Utilities
NIACL,Insurance
NMDC,Metals & Mining
NTPC,Power & Utilities
NYKAA,E-Commerce & Retail
OBEROIRLTY,Real Estate
OIL,Energy & Oil
ONGC,Energy & Oil
PAGEIND,Apparel & Innerwear
PATANJALI,FMCG
PAYTM,Financial Technology
PERSISTENT,Information Technology
PETRONET,Energy & Gas
PFIZER,Healthcare & Pharma
PHOENIXLTD,Real Estate & Retail
PIDILITIND,Adhesives & Chemicals
PIIND,Agrochemicals
PNB,Banking
PNCINFRA,Infrastructure
POLICYBZR,Financial Technology
POLYCAB,Capital Goods & Cables
POONAWALLA,Financial Services
POWERGRID,Power & Utilities
PRESTIGE,Real Estate
PRINCEPIPE,Building Materials & Pipes
PSB,Banking
PVRINOX,Media & Entertainment
RADICO,Beverages & Distilleries
RAILTEL,Telecom & Rail Infra
RAMCOCEM,Cement & Building Materials
RATEGAIN,Information Technology
RATNAMANI,Metals & Mining
RBLBANK,Banking
RELAXO,Footwear
RELIANCE,Energy & Petrochemicals
RITES,Railway Infrastructure
RVNL,Railway Infrastructure
SAIL,Metals & Mining
SANOFI,Healthcare & Pharma
SANSERA,Auto Ancillary
SAREGAMA,Media & Entertainment
SBILIFE,Insurance
SBIN,Banking
SENCO,Consumer Jewelry
SHREECEM,Cement & Building Materials
SHRIRAMFIN,Financial Services
SIEMENS,Capital Goods & Engineering
SIGNATURE,Real Estate
SJVN,Power & Utilities
SOBHA,Real Estate
SONACOMS,Auto Ancillary
SONATSOFTW,Information Technology
SOUTHBANK,Banking
SRF,Specialty Chemicals
STARHEALTH,Insurance
STLTECH,Telecom Cables
SUMICHEM,Agrochemicals
SUNPHARMA,Healthcare & Pharma
SUNTECK,Real Estate
SUNTV,Media & Entertainment
SUPREMEIND,Building Materials & Plastics
SWIGGY,Consumer Internet
SYNGENE,Healthcare & Pharma
SYRMA,Electronics Manufacturing
TALBROAUTO,Auto Ancillary
TATACHEM,Chemicals
TATACOMM,Telecommunications
TATACONSUM,FMCG
TATAELXSI,Information Technology
TATAMOTORS,Automobile
TATAPOWER,Power & Utilities
TATASTEEL,Metals & Mining
TATATECH,Information Technology
TCIEXP,Logistics
TCS,Information Technology
TECHM,Information Technology
TEXRAIL,Railway Wagons
TIINDIA,Auto Ancillary
TITAGARH,Railway Wagons
TITAN,Consumer Jewelry & Watches
TMB,Banking
TORNTPHARM,Healthcare & Pharma
TORNTPOWER,Power & Utilities
TRENT,Retail & Fashion
TV18BRDCST,Media & Entertainment
TVSMOTOR,Automobile
UBL,Beverages & Distilleries
UCOBANK,Banking
ULTRACEMCO,Cement & Building Materials
UNIONBANK,Banking
UNOMINDA,Auto Ancillary
UPL,Agrochemicals
UTIAMC,Asset Management
UTKARSHBNK,Banking
VBL,FMCG & Beverages
VEDANTFASH,Apparel & Ethnic
VEDL,Metals & Mining
VINATIORGA,Specialty Chemicals
VOLTAS,Consumer Electricals
WELCORP,Metals & Mining
WELSPUNLIV,Textiles
WHIRLPOOL,Consumer Electricals
WIPRO,Information Technology
WOCKPHARMA,Healthcare & Pharma
YESBANK,Banking
ZEEL,Media & Entertainment
ZENSARTECH,Information Technology
ZENTEC,Capital Goods & Engineering
ZFCVINDIA,Automobile and Auto Components
ZOMATO,Consumer Internet
ZYDUSLIFE,Healthcare & Pharma
ZYDUSWELL,FMCG
